"","STATION","GEAR_DESC","YEAR","MONTH","DAY","Time","SAL","Temp_C","O2_MG_L","ITIS","Genus_species","sp_desc","Length","Weight","Total_Wgt","Total_NUM"
"1",32,"Trawl",1981,2,20,"11:50:00.000",31,15.6,7.8,170335,"MUGIL CEPHALUS","UNCLASSFD",125,NA,NA,1
"2",29,"Trawl",1981,4,22,"11:29:00.000",24,26.1,6.6,170335,"MUGIL CEPHALUS","UNCLASSFD",45,NA,NA,133
"3",29,"Trawl",1981,4,22,"11:29:00.000",24,26.1,6.6,170335,"MUGIL CEPHALUS","UNCLASSFD",46,NA,NA,133
"4",29,"Trawl",1981,4,22,"11:29:00.000",24,26.1,6.6,170335,"MUGIL CEPHALUS","UNCLASSFD",40,NA,NA,133
"5",29,"Trawl",1981,4,22,"11:29:00.000",24,26.1,6.6,170335,"MUGIL CEPHALUS","UNCLASSFD",40,NA,NA,133
"6",29,"Trawl",1981,4,22,"11:29:00.000",24,26.1,6.6,170335,"MUGIL CEPHALUS","UNCLASSFD",42,NA,NA,133
"7",29,"Trawl",1981,4,22,"11:29:00.000",24,26.1,6.6,170335,"MUGIL CEPHALUS","UNCLASSFD",41,NA,NA,133
"8",29,"Trawl",1981,4,22,"11:29:00.000",24,26.1,6.6,170335,"MUGIL CEPHALUS","UNCLASSFD",46,NA,NA,133
"9",29,"Trawl",1981,4,22,"11:29:00.000",24,26.1,6.6,170335,"MUGIL CEPHALUS","UNCLASSFD",44,NA,NA,133
"10",29,"Trawl",1981,4,22,"11:29:00.000",24,26.1,6.6,170335,"MUGIL CEPHALUS","UNCLASSFD",42,NA,NA,133
"11",29,"Trawl",1981,4,22,"11:29:00.000",24,26.1,6.6,170335,"MUGIL CEPHALUS","UNCLASSFD",48,NA,NA,133
"12",29,"Trawl",1981,4,22,"11:29:00.000",24,26.1,6.6,170335,"MUGIL CEPHALUS","UNCLASSFD",46,NA,NA,133
"13",29,"Trawl",1981,4,22,"11:29:00.000",24,26.1,6.6,170335,"MUGIL CEPHALUS","UNCLASSFD",41,NA,NA,133
"14",29,"Trawl",1981,4,22,"11:29:00.000",24,26.1,6.6,170335,"MUGIL CEPHALUS","UNCLASSFD",36,NA,NA,133
"15",29,"Trawl",1981,4,22,"11:29:00.000",24,26.1,6.6,170335,"MUGIL CEPHALUS","UNCLASSFD",46,NA,NA,133
"16",29,"Trawl",1981,4,22,"11:29:00.000",24,26.1,6.6,170335,"MUGIL CEPHALUS","UNCLASSFD",48,NA,NA,133
"17",29,"Trawl",1981,4,22,"11:29:00.000",24,26.1,6.6,170335,"MUGIL CEPHALUS","UNCLASSFD",40,NA,NA,133
"18",29,"Trawl",1981,4,22,"11:29:00.000",24,26.1,6.6,170335,"MUGIL CEPHALUS","UNCLASSFD",43,NA,NA,133
"19",29,"Trawl",1981,4,22,"11:29:00.000",24,26.1,6.6,170335,"MUGIL CEPHALUS","UNCLASSFD",42,NA,NA,133
"20",29,"Trawl",1981,4,22,"11:29:00.000",24,26.1,6.6,170335,"MUGIL CEPHALUS","UNCLASSFD",43,NA,NA,133
"21",29,"Trawl",1981,4,22,"11:29:00.000",24,26.1,6.6,170335,"MUGIL CEPHALUS","UNCLASSFD",47,NA,NA,133
"22",29,"Trawl",1981,4,22,"11:29:00.000",24,26.1,6.6,170335,"MUGIL CEPHALUS","UNCLASSFD",46,NA,NA,133
"23",29,"Trawl",1981,4,22,"11:29:00.000",24,26.1,6.6,170335,"MUGIL CEPHALUS","UNCLASSFD",40,NA,NA,133
"24",29,"Trawl",1981,4,22,"11:29:00.000",24,26.1,6.6,170335,"MUGIL CEPHALUS","UNCLASSFD",43,NA,NA,133
"25",29,"Trawl",1981,4,22,"11:29:00.000",24,26.1,6.6,170335,"MUGIL CEPHALUS","UNCLASSFD",45,NA,NA,133
"26",29,"Trawl",1981,4,22,"11:29:00.000",24,26.1,6.6,170335,"MUGIL CEPHALUS","UNCLASSFD",45,NA,NA,133
"27",29,"Trawl",1981,4,22,"11:29:00.000",24,26.1,6.6,170335,"MUGIL CEPHALUS","UNCLASSFD",42,NA,NA,133
"28",29,"Trawl",1981,4,22,"11:29:00.000",24,26.1,6.6,170335,"MUGIL CEPHALUS","UNCLASSFD",43,NA,NA,133
"29",29,"Trawl",1981,4,22,"11:29:00.000",24,26.1,6.6,170335,"MUGIL CEPHALUS","UNCLASSFD",42,NA,NA,133
"30",29,"Trawl",1981,4,22,"11:29:00.000",24,26.1,6.6,170335,"MUGIL CEPHALUS","UNCLASSFD",45,NA,NA,133
"31",29,"Trawl",1981,4,22,"11:29:00.000",24,26.1,6.6,170335,"MUGIL CEPHALUS","UNCLASSFD",48,NA,NA,133
"32",29,"Trawl",1981,4,22,"11:29:00.000",24,26.1,6.6,170335,"MUGIL CEPHALUS","UNCLASSFD",35,NA,NA,133
"33",29,"Trawl",1981,4,22,"11:29:00.000",24,26.1,6.6,170335,"MUGIL CEPHALUS","UNCLASSFD",42,NA,NA,133
"34",29,"Trawl",1981,4,22,"11:29:00.000",24,26.1,6.6,170335,"MUGIL CEPHALUS","UNCLASSFD",44,NA,NA,133
"35",29,"Trawl",1981,4,22,"11:29:00.000",24,26.1,6.6,170335,"MUGIL CEPHALUS","UNCLASSFD",41,NA,NA,133
"36",29,"Trawl",1981,4,22,"11:29:00.000",24,26.1,6.6,170335,"MUGIL CEPHALUS","UNCLASSFD",46,NA,NA,133
"37",29,"Trawl",1981,4,22,"11:29:00.000",24,26.1,6.6,170335,"MUGIL CEPHALUS","UNCLASSFD",45,NA,NA,133
"38",29,"Trawl",1981,4,22,"11:29:00.000",24,26.1,6.6,170335,"MUGIL CEPHALUS","UNCLASSFD",40,NA,NA,133
"39",29,"Trawl",1981,4,22,"11:29:00.000",24,26.1,6.6,170335,"MUGIL CEPHALUS","UNCLASSFD",45,NA,NA,133
"40",29,"Trawl",1981,4,22,"11:29:00.000",24,26.1,6.6,170335,"MUGIL CEPHALUS","UNCLASSFD",46,NA,NA,133
"41",29,"Trawl",1981,4,22,"11:29:00.000",24,26.1,6.6,170335,"MUGIL CEPHALUS","UNCLASSFD",40,NA,NA,133
"42",29,"Trawl",1981,4,22,"11:29:00.000",24,26.1,6.6,170335,"MUGIL CEPHALUS","UNCLASSFD",48,NA,NA,133
"43",29,"Trawl",1981,4,22,"11:29:00.000",24,26.1,6.6,170335,"MUGIL CEPHALUS","UNCLASSFD",45,NA,NA,133
"44",29,"Trawl",1981,4,22,"11:29:00.000",24,26.1,6.6,170335,"MUGIL CEPHALUS","UNCLASSFD",46,NA,NA,133
"45",29,"Trawl",1981,4,22,"11:29:00.000",24,26.1,6.6,170335,"MUGIL CEPHALUS","UNCLASSFD",41,NA,NA,133
"46",29,"Trawl",1981,4,22,"11:29:00.000",24,26.1,6.6,170335,"MUGIL CEPHALUS","UNCLASSFD",42,NA,NA,133
"47",29,"Trawl",1981,4,22,"11:29:00.000",24,26.1,6.6,170335,"MUGIL CEPHALUS","UNCLASSFD",43,NA,NA,133
"48",29,"Trawl",1981,4,22,"11:29:00.000",24,26.1,6.6,170335,"MUGIL CEPHALUS","UNCLASSFD",44,NA,NA,133
"49",29,"Trawl",1981,4,22,"11:29:00.000",24,26.1,6.6,170335,"MUGIL CEPHALUS","UNCLASSFD",44,NA,NA,133
"50",29,"Trawl",1981,4,22,"11:29:00.000",24,26.1,6.6,170335,"MUGIL CEPHALUS","UNCLASSFD",47,NA,NA,133
"51",29,"Trawl",1981,4,22,"11:29:00.000",24,26.1,6.6,170335,"MUGIL CEPHALUS","UNCLASSFD",48,NA,NA,133
"52",29,"Trawl",1981,5,12,"11:05:00.000",24,NA,7.2,170335,"MUGIL CEPHALUS","UNCLASSFD",60,NA,NA,18
"53",29,"Trawl",1981,5,12,"11:05:00.000",24,NA,7.2,170335,"MUGIL CEPHALUS","UNCLASSFD",65,NA,NA,18
"54",29,"Trawl",1981,5,12,"11:05:00.000",24,NA,7.2,170335,"MUGIL CEPHALUS","UNCLASSFD",58,NA,NA,18
"55",29,"Trawl",1981,5,12,"11:05:00.000",24,NA,7.2,170335,"MUGIL CEPHALUS","UNCLASSFD",56,NA,NA,18
"56",29,"Trawl",1981,5,12,"11:05:00.000",24,NA,7.2,170335,"MUGIL CEPHALUS","UNCLASSFD",58,NA,NA,18
"57",29,"Trawl",1981,5,12,"11:05:00.000",24,NA,7.2,170335,"MUGIL CEPHALUS","UNCLASSFD",59,NA,NA,18
"58",29,"Trawl",1981,5,12,"11:05:00.000",24,NA,7.2,170335,"MUGIL CEPHALUS","UNCLASSFD",60,NA,NA,18
"59",29,"Trawl",1981,5,12,"11:05:00.000",24,NA,7.2,170335,"MUGIL CEPHALUS","UNCLASSFD",55,NA,NA,18
"60",29,"Trawl",1981,5,12,"11:05:00.000",24,NA,7.2,170335,"MUGIL CEPHALUS","UNCLASSFD",57,NA,NA,18
"61",29,"Trawl",1981,5,12,"11:05:00.000",24,NA,7.2,170335,"MUGIL CEPHALUS","UNCLASSFD",57,NA,NA,18
"62",29,"Trawl",1981,5,12,"11:05:00.000",24,NA,7.2,170335,"MUGIL CEPHALUS","UNCLASSFD",55,NA,NA,18
"63",29,"Trawl",1981,5,12,"11:05:00.000",24,NA,7.2,170335,"MUGIL CEPHALUS","UNCLASSFD",54,NA,NA,18
"64",29,"Trawl",1981,5,12,"11:05:00.000",24,NA,7.2,170335,"MUGIL CEPHALUS","UNCLASSFD",62,NA,NA,18
"65",29,"Trawl",1981,5,12,"11:05:00.000",24,NA,7.2,170335,"MUGIL CEPHALUS","UNCLASSFD",57,NA,NA,18
"66",29,"Trawl",1981,5,12,"11:05:00.000",24,NA,7.2,170335,"MUGIL CEPHALUS","UNCLASSFD",60,NA,NA,18
"67",29,"Trawl",1981,5,12,"11:05:00.000",24,NA,7.2,170335,"MUGIL CEPHALUS","UNCLASSFD",57,NA,NA,18
"68",29,"Trawl",1981,5,12,"11:05:00.000",24,NA,7.2,170335,"MUGIL CEPHALUS","UNCLASSFD",64,NA,NA,18
"69",29,"Trawl",1981,5,12,"11:05:00.000",24,NA,7.2,170335,"MUGIL CEPHALUS","UNCLASSFD",55,NA,NA,18
"70",32,"Trawl",1981,5,12,"8:55:00.000",28,NA,6.8,170335,"MUGIL CEPHALUS","UNCLASSFD",45,NA,NA,97
"71",32,"Trawl",1981,5,12,"8:55:00.000",28,NA,6.8,170335,"MUGIL CEPHALUS","UNCLASSFD",51,NA,NA,97
"72",32,"Trawl",1981,5,12,"8:55:00.000",28,NA,6.8,170335,"MUGIL CEPHALUS","UNCLASSFD",50,NA,NA,97
"73",32,"Trawl",1981,5,12,"8:55:00.000",28,NA,6.8,170335,"MUGIL CEPHALUS","UNCLASSFD",51,NA,NA,97
"74",32,"Trawl",1981,5,12,"8:55:00.000",28,NA,6.8,170335,"MUGIL CEPHALUS","UNCLASSFD",40,NA,NA,97
"75",32,"Trawl",1981,5,12,"8:55:00.000",28,NA,6.8,170335,"MUGIL CEPHALUS","UNCLASSFD",51,NA,NA,97
"76",32,"Trawl",1981,5,12,"8:55:00.000",28,NA,6.8,170335,"MUGIL CEPHALUS","UNCLASSFD",33,NA,NA,97
"77",32,"Trawl",1981,5,12,"8:55:00.000",28,NA,6.8,170335,"MUGIL CEPHALUS","UNCLASSFD",40,NA,NA,97
"78",32,"Trawl",1981,5,12,"8:55:00.000",28,NA,6.8,170335,"MUGIL CEPHALUS","UNCLASSFD",35,NA,NA,97
"79",32,"Trawl",1981,5,12,"8:55:00.000",28,NA,6.8,170335,"MUGIL CEPHALUS","UNCLASSFD",53,NA,NA,97
"80",32,"Trawl",1981,5,12,"8:55:00.000",28,NA,6.8,170335,"MUGIL CEPHALUS","UNCLASSFD",45,NA,NA,97
"81",32,"Trawl",1981,5,12,"8:55:00.000",28,NA,6.8,170335,"MUGIL CEPHALUS","UNCLASSFD",42,NA,NA,97
"82",32,"Trawl",1981,5,12,"8:55:00.000",28,NA,6.8,170335,"MUGIL CEPHALUS","UNCLASSFD",54,NA,NA,97
"83",32,"Trawl",1981,5,12,"8:55:00.000",28,NA,6.8,170335,"MUGIL CEPHALUS","UNCLASSFD",44,NA,NA,97
"84",32,"Trawl",1981,5,12,"8:55:00.000",28,NA,6.8,170335,"MUGIL CEPHALUS","UNCLASSFD",35,NA,NA,97
"85",32,"Trawl",1981,5,12,"8:55:00.000",28,NA,6.8,170335,"MUGIL CEPHALUS","UNCLASSFD",50,NA,NA,97
"86",32,"Trawl",1981,5,12,"8:55:00.000",28,NA,6.8,170335,"MUGIL CEPHALUS","UNCLASSFD",40,NA,NA,97
"87",32,"Trawl",1981,5,12,"8:55:00.000",28,NA,6.8,170335,"MUGIL CEPHALUS","UNCLASSFD",42,NA,NA,97
"88",32,"Trawl",1981,5,12,"8:55:00.000",28,NA,6.8,170335,"MUGIL CEPHALUS","UNCLASSFD",41,NA,NA,97
"89",32,"Trawl",1981,5,12,"8:55:00.000",28,NA,6.8,170335,"MUGIL CEPHALUS","UNCLASSFD",47,NA,NA,97
"90",32,"Trawl",1981,5,12,"8:55:00.000",28,NA,6.8,170335,"MUGIL CEPHALUS","UNCLASSFD",40,NA,NA,97
"91",32,"Trawl",1981,5,12,"8:55:00.000",28,NA,6.8,170335,"MUGIL CEPHALUS","UNCLASSFD",41,NA,NA,97
"92",32,"Trawl",1981,5,12,"8:55:00.000",28,NA,6.8,170335,"MUGIL CEPHALUS","UNCLASSFD",43,NA,NA,97
"93",32,"Trawl",1981,5,12,"8:55:00.000",28,NA,6.8,170335,"MUGIL CEPHALUS","UNCLASSFD",43,NA,NA,97
"94",32,"Trawl",1981,5,12,"8:55:00.000",28,NA,6.8,170335,"MUGIL CEPHALUS","UNCLASSFD",52,NA,NA,97
"95",32,"Trawl",1981,5,12,"8:55:00.000",28,NA,6.8,170335,"MUGIL CEPHALUS","UNCLASSFD",52,NA,NA,97
"96",32,"Trawl",1981,5,12,"8:55:00.000",28,NA,6.8,170335,"MUGIL CEPHALUS","UNCLASSFD",46,NA,NA,97
"97",32,"Trawl",1981,5,12,"8:55:00.000",28,NA,6.8,170335,"MUGIL CEPHALUS","UNCLASSFD",46,NA,NA,97
"98",32,"Trawl",1981,5,12,"8:55:00.000",28,NA,6.8,170335,"MUGIL CEPHALUS","UNCLASSFD",48,NA,NA,97
"99",32,"Trawl",1981,5,12,"8:55:00.000",28,NA,6.8,170335,"MUGIL CEPHALUS","UNCLASSFD",43,NA,NA,97
"100",32,"Trawl",1981,5,12,"8:55:00.000",28,NA,6.8,170335,"MUGIL CEPHALUS","UNCLASSFD",48,NA,NA,97
"101",32,"Trawl",1981,5,12,"8:55:00.000",28,NA,6.8,170335,"MUGIL CEPHALUS","UNCLASSFD",45,NA,NA,97
"102",32,"Trawl",1981,5,12,"8:55:00.000",28,NA,6.8,170335,"MUGIL CEPHALUS","UNCLASSFD",40,NA,NA,97
"103",32,"Trawl",1981,5,12,"8:55:00.000",28,NA,6.8,170335,"MUGIL CEPHALUS","UNCLASSFD",46,NA,NA,97
"104",32,"Trawl",1981,5,12,"8:55:00.000",28,NA,6.8,170335,"MUGIL CEPHALUS","UNCLASSFD",51,NA,NA,97
"105",32,"Trawl",1981,5,12,"8:55:00.000",28,NA,6.8,170335,"MUGIL CEPHALUS","UNCLASSFD",51,NA,NA,97
"106",32,"Trawl",1981,5,12,"8:55:00.000",28,NA,6.8,170335,"MUGIL CEPHALUS","UNCLASSFD",49,NA,NA,97
"107",32,"Trawl",1981,5,12,"8:55:00.000",28,NA,6.8,170335,"MUGIL CEPHALUS","UNCLASSFD",41,NA,NA,97
"108",32,"Trawl",1981,5,12,"8:55:00.000",28,NA,6.8,170335,"MUGIL CEPHALUS","UNCLASSFD",40,NA,NA,97
"109",32,"Trawl",1981,5,12,"8:55:00.000",28,NA,6.8,170335,"MUGIL CEPHALUS","UNCLASSFD",48,NA,NA,97
"110",32,"Trawl",1981,5,12,"8:55:00.000",28,NA,6.8,170335,"MUGIL CEPHALUS","UNCLASSFD",48,NA,NA,97
"111",32,"Trawl",1981,5,12,"8:55:00.000",28,NA,6.8,170335,"MUGIL CEPHALUS","UNCLASSFD",56,NA,NA,97
"112",32,"Trawl",1981,5,12,"8:55:00.000",28,NA,6.8,170335,"MUGIL CEPHALUS","UNCLASSFD",57,NA,NA,97
"113",32,"Trawl",1981,5,12,"8:55:00.000",28,NA,6.8,170335,"MUGIL CEPHALUS","UNCLASSFD",47,NA,NA,97
"114",32,"Trawl",1981,5,12,"8:55:00.000",28,NA,6.8,170335,"MUGIL CEPHALUS","UNCLASSFD",47,NA,NA,97
"115",32,"Trawl",1981,5,12,"8:55:00.000",28,NA,6.8,170335,"MUGIL CEPHALUS","UNCLASSFD",58,NA,NA,97
"116",32,"Trawl",1981,5,12,"8:55:00.000",28,NA,6.8,170335,"MUGIL CEPHALUS","UNCLASSFD",52,NA,NA,97
"117",32,"Trawl",1981,5,12,"8:55:00.000",28,NA,6.8,170335,"MUGIL CEPHALUS","UNCLASSFD",43,NA,NA,97
"118",32,"Trawl",1981,5,12,"8:55:00.000",28,NA,6.8,170335,"MUGIL CEPHALUS","UNCLASSFD",50,NA,NA,97
"119",32,"Trawl",1981,5,12,"8:55:00.000",28,NA,6.8,170335,"MUGIL CEPHALUS","UNCLASSFD",32,NA,NA,97
"120",29,"Trawl",1981,11,18,"14:40:00.000",25,20,8,170335,"MUGIL CEPHALUS","UNCLASSFD",112,NA,NA,1
"121",7,"Trawl",1982,1,15,"13:00:00.000",10,6.7,10.4,170335,"MUGIL CEPHALUS","UNCLASSFD",22,NA,NA,4
"122",7,"Trawl",1982,1,15,"13:00:00.000",10,6.7,10.4,170335,"MUGIL CEPHALUS","UNCLASSFD",23,NA,NA,4
"123",7,"Trawl",1982,1,15,"13:00:00.000",10,6.7,10.4,170335,"MUGIL CEPHALUS","UNCLASSFD",23,NA,NA,4
"124",7,"Trawl",1982,1,15,"13:00:00.000",10,6.7,10.4,170335,"MUGIL CEPHALUS","UNCLASSFD",22,NA,NA,4
"125",13,"Trawl",1982,1,25,"12:26:00.000",2,13,9,170335,"MUGIL CEPHALUS","UNCLASSFD",24,NA,NA,1
"126",23,"Trawl",1982,1,15,"11:00:00.000",16,5,9,170335,"MUGIL CEPHALUS","UNCLASSFD",25,NA,NA,3
"127",23,"Trawl",1982,1,15,"11:00:00.000",16,5,9,170335,"MUGIL CEPHALUS","UNCLASSFD",21,NA,NA,3
"128",23,"Trawl",1982,1,15,"11:00:00.000",16,5,9,170335,"MUGIL CEPHALUS","UNCLASSFD",26,NA,NA,3
"129",24,"Trawl",1982,1,15,"10:35:00.000",16,5,11,170335,"MUGIL CEPHALUS","UNCLASSFD",26,NA,NA,4
"130",24,"Trawl",1982,1,15,"10:35:00.000",16,5,11,170335,"MUGIL CEPHALUS","UNCLASSFD",20,NA,NA,4
"131",24,"Trawl",1982,1,15,"10:35:00.000",16,5,11,170335,"MUGIL CEPHALUS","UNCLASSFD",25,NA,NA,4
"132",24,"Trawl",1982,1,15,"10:35:00.000",16,5,11,170335,"MUGIL CEPHALUS","UNCLASSFD",24,NA,NA,4
"133",24,"Trawl",1982,7,1,"9:45:00.000",18,30,3.2,170335,"MUGIL CEPHALUS","UNCLASSFD",93,NA,NA,1
"134",1,"Trawl",1983,1,13,"11:18:00.000",0,10,8,170335,"MUGIL CEPHALUS","UNCLASSFD",161,NA,NA,1
"135",14,"Trawl",1983,2,14,"13:37:00.000",0,10,8.2,170335,"MUGIL CEPHALUS","UNCLASSFD",265,NA,NA,2
"136",14,"Trawl",1983,2,14,"13:37:00.000",0,10,8.2,170335,"MUGIL CEPHALUS","UNCLASSFD",229,NA,NA,2
"137",27,"Trawl",1983,2,18,"13:33:00.000",1,15,9,170335,"MUGIL CEPHALUS","UNCLASSFD",137,NA,NA,1
"138",27,"Trawl",1983,12,8,"12:38:00.000",8,15.5,6,170335,"MUGIL CEPHALUS","UNCLASSFD",261,NA,NA,1
"139",1,"Trawl",1984,1,6,"11:43:00.000",0,6,4.4,170335,"MUGIL CEPHALUS","UNCLASSFD",141,NA,NA,2
"140",1,"Trawl",1984,1,6,"11:43:00.000",0,6,4.4,170335,"MUGIL CEPHALUS","UNCLASSFD",119,NA,NA,2
"141",56,"Trawl",1984,1,3,"10:30:00.000",12,8.5,4,170335,"MUGIL CEPHALUS","UNCLASSFD",25,NA,NA,2
"142",56,"Trawl",1984,1,3,"10:30:00.000",12,8.5,4,170335,"MUGIL CEPHALUS","UNCLASSFD",24,NA,NA,2
"143",28,"Trawl",1984,4,10,"12:37:00.000",4,21,9.2,170335,"MUGIL CEPHALUS","UNCLASSFD",29,NA,NA,1
"144",63,"Trawl",1984,5,4,"11:00:00.000",29,23,5.4,170335,"MUGIL CEPHALUS","UNCLASSFD",40,NA,NA,2
"145",63,"Trawl",1984,5,4,"11:00:00.000",29,23,5.4,170335,"MUGIL CEPHALUS","UNCLASSFD",38,NA,NA,2
"146",9,"Trawl",1985,1,29,"13:15:00.000",15,8,5.4,170335,"MUGIL CEPHALUS","UNCLASSFD",84,NA,NA,1
"147",64,"Trawl",1985,7,10,"12:33:00.000",29,27,6.4,170335,"MUGIL CEPHALUS","UNCLASSFD",117,NA,NA,1
"148",24,"Trawl",1985,10,7,"16:40:00.000",14,20,9.2,170335,"MUGIL CEPHALUS","UNCLASSFD",215,NA,NA,1
"149",90,"Trawl",1986,2,12,"12:05:00.000",11,14,3.4,170335,"MUGIL CEPHALUS","UNCLASSFD",31,NA,NA,1
"150",89,"Trawl",1986,3,7,"11:30:00.000",1,14,7,170335,"MUGIL CEPHALUS","UNCLASSFD",257,NA,NA,3
"151",89,"Trawl",1986,3,7,"11:30:00.000",1,14,7,170335,"MUGIL CEPHALUS","UNCLASSFD",238,NA,NA,3
"152",89,"Trawl",1986,3,7,"11:30:00.000",1,14,7,170335,"MUGIL CEPHALUS","UNCLASSFD",22,NA,NA,3
"153",90,"Trawl",1986,3,7,"11:00:00.000",4,14.5,9,170335,"MUGIL CEPHALUS","UNCLASSFD",134,NA,NA,1
"154",27,"Trawl",1986,9,17,"10:23:00.000",18,27,6.4,170335,"MUGIL CEPHALUS","UNCLASSFD",99,NA,NA,10
"155",27,"Trawl",1986,9,17,"10:23:00.000",18,27,6.4,170335,"MUGIL CEPHALUS","UNCLASSFD",104,NA,NA,10
"156",27,"Trawl",1986,9,17,"10:23:00.000",18,27,6.4,170335,"MUGIL CEPHALUS","UNCLASSFD",100,NA,NA,10
"157",27,"Trawl",1986,9,17,"10:23:00.000",18,27,6.4,170335,"MUGIL CEPHALUS","UNCLASSFD",108,NA,NA,10
"158",27,"Trawl",1986,9,17,"10:23:00.000",18,27,6.4,170335,"MUGIL CEPHALUS","UNCLASSFD",103,NA,NA,10
"159",27,"Trawl",1986,9,17,"10:23:00.000",18,27,6.4,170335,"MUGIL CEPHALUS","UNCLASSFD",114,NA,NA,10
"160",27,"Trawl",1986,9,17,"10:23:00.000",18,27,6.4,170335,"MUGIL CEPHALUS","UNCLASSFD",96,NA,NA,10
"161",27,"Trawl",1986,9,17,"10:23:00.000",18,27,6.4,170335,"MUGIL CEPHALUS","UNCLASSFD",116,NA,NA,10
"162",27,"Trawl",1986,9,17,"10:23:00.000",18,27,6.4,170335,"MUGIL CEPHALUS","UNCLASSFD",103,NA,NA,10
"163",27,"Trawl",1986,9,17,"10:23:00.000",18,27,6.4,170335,"MUGIL CEPHALUS","UNCLASSFD",131,NA,NA,10
"164",27,"Trawl",1986,11,7,"9:50:00.000",18,20.5,7.4,170335,"MUGIL CEPHALUS","UNCLASSFD",168,NA,NA,1
"165",90,"Trawl",1986,11,7,"10:10:00.000",15,21.5,7.2,170335,"MUGIL CEPHALUS","UNCLASSFD",226,NA,NA,1
"166",27,"Trawl",1986,12,18,"10:15:00.000",12,11,6.6,170335,"MUGIL CEPHALUS","UNCLASSFD",158,NA,NA,1
"167",89,"Trawl",1986,12,18,"10:40:00.000",8,10.5,6.2,170335,"MUGIL CEPHALUS","UNCLASSFD",162,NA,NA,1
"168",88,"Trawl",1987,1,28,"10:45:00.000",2,8,10.8,170335,"MUGIL CEPHALUS","UNCLASSFD",NA,NA,NA,2
"169",89,"Trawl",1987,1,28,"12:00:00.000",0,9,7.2,170335,"MUGIL CEPHALUS","UNCLASSFD",164,NA,NA,38
"170",89,"Trawl",1987,1,28,"12:00:00.000",0,9,7.2,170335,"MUGIL CEPHALUS","UNCLASSFD",171,NA,NA,38
"171",89,"Trawl",1987,1,28,"12:00:00.000",0,9,7.2,170335,"MUGIL CEPHALUS","UNCLASSFD",160,NA,NA,38
"172",89,"Trawl",1987,1,28,"12:00:00.000",0,9,7.2,170335,"MUGIL CEPHALUS","UNCLASSFD",140,NA,NA,38
"173",89,"Trawl",1987,1,28,"12:00:00.000",0,9,7.2,170335,"MUGIL CEPHALUS","UNCLASSFD",145,NA,NA,38
"174",89,"Trawl",1987,1,28,"12:00:00.000",0,9,7.2,170335,"MUGIL CEPHALUS","UNCLASSFD",123,NA,NA,38
"175",89,"Trawl",1987,1,28,"12:00:00.000",0,9,7.2,170335,"MUGIL CEPHALUS","UNCLASSFD",130,NA,NA,38
"176",89,"Trawl",1987,1,28,"12:00:00.000",0,9,7.2,170335,"MUGIL CEPHALUS","UNCLASSFD",155,NA,NA,38
"177",89,"Trawl",1987,1,28,"12:00:00.000",0,9,7.2,170335,"MUGIL CEPHALUS","UNCLASSFD",153,NA,NA,38
"178",89,"Trawl",1987,1,28,"12:00:00.000",0,9,7.2,170335,"MUGIL CEPHALUS","UNCLASSFD",141,NA,NA,38
"179",89,"Trawl",1987,1,28,"12:00:00.000",0,9,7.2,170335,"MUGIL CEPHALUS","UNCLASSFD",129,NA,NA,38
"180",89,"Trawl",1987,1,28,"12:00:00.000",0,9,7.2,170335,"MUGIL CEPHALUS","UNCLASSFD",194,NA,NA,38
"181",89,"Trawl",1987,1,28,"12:00:00.000",0,9,7.2,170335,"MUGIL CEPHALUS","UNCLASSFD",185,NA,NA,38
"182",89,"Trawl",1987,1,28,"12:00:00.000",0,9,7.2,170335,"MUGIL CEPHALUS","UNCLASSFD",154,NA,NA,38
"183",89,"Trawl",1987,1,28,"12:00:00.000",0,9,7.2,170335,"MUGIL CEPHALUS","UNCLASSFD",129,NA,NA,38
"184",89,"Trawl",1987,1,28,"12:00:00.000",0,9,7.2,170335,"MUGIL CEPHALUS","UNCLASSFD",145,NA,NA,38
"185",89,"Trawl",1987,1,28,"12:00:00.000",0,9,7.2,170335,"MUGIL CEPHALUS","UNCLASSFD",165,NA,NA,38
"186",89,"Trawl",1987,1,28,"12:00:00.000",0,9,7.2,170335,"MUGIL CEPHALUS","UNCLASSFD",138,NA,NA,38
"187",89,"Trawl",1987,1,28,"12:00:00.000",0,9,7.2,170335,"MUGIL CEPHALUS","UNCLASSFD",161,NA,NA,38
"188",89,"Trawl",1987,1,28,"12:00:00.000",0,9,7.2,170335,"MUGIL CEPHALUS","UNCLASSFD",154,NA,NA,38
"189",89,"Trawl",1987,1,28,"12:00:00.000",0,9,7.2,170335,"MUGIL CEPHALUS","UNCLASSFD",164,NA,NA,38
"190",89,"Trawl",1987,1,28,"12:00:00.000",0,9,7.2,170335,"MUGIL CEPHALUS","UNCLASSFD",156,NA,NA,38
"191",89,"Trawl",1987,1,28,"12:00:00.000",0,9,7.2,170335,"MUGIL CEPHALUS","UNCLASSFD",154,NA,NA,38
"192",89,"Trawl",1987,1,28,"12:00:00.000",0,9,7.2,170335,"MUGIL CEPHALUS","UNCLASSFD",184,NA,NA,38
"193",89,"Trawl",1987,1,28,"12:00:00.000",0,9,7.2,170335,"MUGIL CEPHALUS","UNCLASSFD",138,NA,NA,38
"194",89,"Trawl",1987,1,28,"12:00:00.000",0,9,7.2,170335,"MUGIL CEPHALUS","UNCLASSFD",140,NA,NA,38
"195",89,"Trawl",1987,1,28,"12:00:00.000",0,9,7.2,170335,"MUGIL CEPHALUS","UNCLASSFD",141,NA,NA,38
"196",89,"Trawl",1987,1,28,"12:00:00.000",0,9,7.2,170335,"MUGIL CEPHALUS","UNCLASSFD",150,NA,NA,38
"197",89,"Trawl",1987,1,28,"12:00:00.000",0,9,7.2,170335,"MUGIL CEPHALUS","UNCLASSFD",143,NA,NA,38
"198",89,"Trawl",1987,1,28,"12:00:00.000",0,9,7.2,170335,"MUGIL CEPHALUS","UNCLASSFD",190,NA,NA,38
"199",89,"Trawl",1987,1,28,"12:00:00.000",0,9,7.2,170335,"MUGIL CEPHALUS","UNCLASSFD",135,NA,NA,38
"200",89,"Trawl",1987,1,28,"12:00:00.000",0,9,7.2,170335,"MUGIL CEPHALUS","UNCLASSFD",165,NA,NA,38
"201",89,"Trawl",1987,1,28,"12:00:00.000",0,9,7.2,170335,"MUGIL CEPHALUS","UNCLASSFD",140,NA,NA,38
"202",89,"Trawl",1987,1,28,"12:00:00.000",0,9,7.2,170335,"MUGIL CEPHALUS","UNCLASSFD",147,NA,NA,38
"203",89,"Trawl",1987,1,28,"12:00:00.000",0,9,7.2,170335,"MUGIL CEPHALUS","UNCLASSFD",161,NA,NA,38
"204",89,"Trawl",1987,1,28,"12:00:00.000",0,9,7.2,170335,"MUGIL CEPHALUS","UNCLASSFD",141,NA,NA,38
"205",89,"Trawl",1987,1,28,"12:00:00.000",0,9,7.2,170335,"MUGIL CEPHALUS","UNCLASSFD",135,NA,NA,38
"206",89,"Trawl",1987,1,28,"12:00:00.000",0,9,7.2,170335,"MUGIL CEPHALUS","UNCLASSFD",184,NA,NA,38
"207",90,"Trawl",1987,1,23,"13:02:00.000",2,4.5,7.4,170335,"MUGIL CEPHALUS","UNCLASSFD",232,NA,NA,12
"208",90,"Trawl",1987,1,23,"13:02:00.000",2,4.5,7.4,170335,"MUGIL CEPHALUS","UNCLASSFD",238,NA,NA,12
"209",90,"Trawl",1987,1,23,"13:02:00.000",2,4.5,7.4,170335,"MUGIL CEPHALUS","UNCLASSFD",165,NA,NA,12
"210",90,"Trawl",1987,1,23,"13:02:00.000",2,4.5,7.4,170335,"MUGIL CEPHALUS","UNCLASSFD",154,NA,NA,12
"211",90,"Trawl",1987,1,23,"13:02:00.000",2,4.5,7.4,170335,"MUGIL CEPHALUS","UNCLASSFD",153,NA,NA,12
"212",90,"Trawl",1987,1,23,"13:02:00.000",2,4.5,7.4,170335,"MUGIL CEPHALUS","UNCLASSFD",149,NA,NA,12
"213",90,"Trawl",1987,1,28,"12:30:00.000",0,10,7,170335,"MUGIL CEPHALUS","UNCLASSFD",191,NA,NA,11
"214",90,"Trawl",1987,1,28,"12:30:00.000",0,10,7,170335,"MUGIL CEPHALUS","UNCLASSFD",175,NA,NA,11
"215",90,"Trawl",1987,1,28,"12:30:00.000",0,10,7,170335,"MUGIL CEPHALUS","UNCLASSFD",105,NA,NA,11
"216",90,"Trawl",1987,1,28,"12:30:00.000",0,10,7,170335,"MUGIL CEPHALUS","UNCLASSFD",171,NA,NA,11
"217",90,"Trawl",1987,1,28,"12:30:00.000",0,10,7,170335,"MUGIL CEPHALUS","UNCLASSFD",168,NA,NA,11
"218",90,"Trawl",1987,1,28,"12:30:00.000",0,10,7,170335,"MUGIL CEPHALUS","UNCLASSFD",124,NA,NA,11
"219",90,"Trawl",1987,1,28,"12:30:00.000",0,10,7,170335,"MUGIL CEPHALUS","UNCLASSFD",150,NA,NA,11
"220",90,"Trawl",1987,1,28,"12:30:00.000",0,10,7,170335,"MUGIL CEPHALUS","UNCLASSFD",182,NA,NA,11
"221",90,"Trawl",1987,1,28,"12:30:00.000",0,10,7,170335,"MUGIL CEPHALUS","UNCLASSFD",114,NA,NA,11
"222",90,"Trawl",1987,1,28,"12:30:00.000",0,10,7,170335,"MUGIL CEPHALUS","UNCLASSFD",135,NA,NA,11
"223",90,"Trawl",1987,1,28,"12:30:00.000",0,10,7,170335,"MUGIL CEPHALUS","UNCLASSFD",130,NA,NA,11
"224",14,"Trawl",1987,2,18,"12:25:00.000",5,11,6,170335,"MUGIL CEPHALUS","UNCLASSFD",26,NA,NA,1
"225",90,"Trawl",1987,3,5,"13:50:00.000",7,12.5,6.8,170335,"MUGIL CEPHALUS","UNCLASSFD",167,NA,NA,2
"226",90,"Trawl",1987,3,5,"13:50:00.000",7,12.5,6.8,170335,"MUGIL CEPHALUS","UNCLASSFD",185,NA,NA,2
"227",88,"Trawl",1987,7,1,"10:50:00.000",12,NA,6.6,170335,"MUGIL CEPHALUS","UNCLASSFD",60,NA,NA,1
"228",27,"Trawl",1987,12,21,"10:11:00.000",17,8.5,9.2,170335,"MUGIL CEPHALUS","UNCLASSFD",117,NA,NA,1
"229",90,"Trawl",1988,3,16,"12:50:00.000",4,11,10.4,170335,"MUGIL CEPHALUS","UNCLASSFD",221,NA,NA,4
"230",90,"Trawl",1988,3,16,"12:50:00.000",4,11,10.4,170335,"MUGIL CEPHALUS","UNCLASSFD",185,NA,NA,4
"231",90,"Trawl",1988,3,16,"12:50:00.000",4,11,10.4,170335,"MUGIL CEPHALUS","UNCLASSFD",225,NA,NA,4
"232",90,"Trawl",1988,3,16,"12:50:00.000",4,11,10.4,170335,"MUGIL CEPHALUS","UNCLASSFD",220,NA,NA,4
"233",90,"Trawl",1988,4,14,"11:00:00.000",1,14,7.4,170335,"MUGIL CEPHALUS","UNCLASSFD",241,NA,247,1
"234",27,"Trawl",1989,1,5,"9:55:00.000",12,15,8.4,170335,"MUGIL CEPHALUS","UNCLASSFD",142,NA,NA,3
"235",27,"Trawl",1989,1,5,"9:55:00.000",12,15,8.4,170335,"MUGIL CEPHALUS","UNCLASSFD",155,NA,NA,3
"236",27,"Trawl",1989,1,5,"9:55:00.000",12,15,8.4,170335,"MUGIL CEPHALUS","UNCLASSFD",116,NA,NA,3
"237",28,"Trawl",1989,9,13,"10:49:00.000",16,29,4.8,170335,"MUGIL CEPHALUS","UNCLASSFD",134,NA,NA,1
"238",97,"Trawl",1989,10,30,"11:37:00.000",20,21,6.4,170335,"MUGIL CEPHALUS","UNCLASSFD",111,NA,NA,2
"239",97,"Trawl",1989,10,30,"11:37:00.000",20,21,6.4,170335,"MUGIL CEPHALUS","UNCLASSFD",119,NA,NA,2
"240",24,"Trawl",1989,11,6,"11:30:00.000",14,20.5,8.4,170335,"MUGIL CEPHALUS","UNCLASSFD",101,NA,NA,1
"241",123,"Trawl",1994,12,12,"",31,14.4,8.6,170335,"MUGIL CEPHALUS","UNCLASSFD",239,NA,122.3,1
"242",14,"Trawl",1995,3,15,"10:20:00.000",0,17,8.2,170335,"MUGIL CEPHALUS","UNCLASSFD",310,NA,299.7,1
"243",9,"Trawl",1996,1,10,"10:50:00.000",2,8,11,170335,"MUGIL CEPHALUS","UNCLASSFD",110,NA,41,2
"244",9,"Trawl",1996,1,10,"10:50:00.000",2,8,11,170335,"MUGIL CEPHALUS","UNCLASSFD",108,NA,41,2
"245",28,"Trawl",1996,1,10,"10:22:00.000",8,9,11,170335,"MUGIL CEPHALUS","UNCLASSFD",27,NA,1.1,3
"246",28,"Trawl",1996,1,10,"10:22:00.000",8,9,11,170335,"MUGIL CEPHALUS","UNCLASSFD",25,NA,1.1,3
"247",28,"Trawl",1996,1,10,"10:22:00.000",8,9,11,170335,"MUGIL CEPHALUS","UNCLASSFD",27,NA,1.1,3
"248",12,"Trawl",1996,2,7,"9:27:00.000",0,5,11,170335,"MUGIL CEPHALUS","UNCLASSFD",91,NA,15,1
"249",14,"Trawl",1996,2,7,"10:01:00.000",0,5,9.4,170335,"MUGIL CEPHALUS","UNCLASSFD",306,NA,871.6,3
"250",14,"Trawl",1996,2,7,"10:01:00.000",0,5,9.4,170335,"MUGIL CEPHALUS","UNCLASSFD",359,NA,871.6,3
"251",14,"Trawl",1996,2,7,"10:01:00.000",0,5,9.4,170335,"MUGIL CEPHALUS","UNCLASSFD",186,NA,871.6,3
"252",27,"Trawl",1996,2,8,"11:12:00.000",0,11,11.2,170335,"MUGIL CEPHALUS","UNCLASSFD",286,NA,251.3,1
"253",60,"Trawl",1996,12,11,"",30,16.1,9,170335,"MUGIL CEPHALUS","UNCLASSFD",232,NA,96.7,1
"254",60,"Trawl",1997,3,25,"",28,20,6.2,170335,"MUGIL CEPHALUS","UNCLASSFD",26,NA,0.2,1
"255",123,"Trawl",1997,3,25,"",30,20,6.6,170335,"MUGIL CEPHALUS","UNCLASSFD",24,NA,1.8,5
"256",123,"Trawl",1997,3,25,"",30,20,6.6,170335,"MUGIL CEPHALUS","UNCLASSFD",26,NA,1.8,5
"257",123,"Trawl",1997,3,25,"",30,20,6.6,170335,"MUGIL CEPHALUS","UNCLASSFD",25,NA,1.8,5
"258",123,"Trawl",1997,3,25,"",30,20,6.6,170335,"MUGIL CEPHALUS","UNCLASSFD",27,NA,1.8,5
"259",123,"Trawl",1997,3,25,"",30,20,6.6,170335,"MUGIL CEPHALUS","UNCLASSFD",26,NA,1.8,5
"260",59,"Trawl",1997,4,29,"8:30:00.000",25,19.4,6.8,170335,"MUGIL CEPHALUS","UNCLASSFD",30,NA,0.4,1
"261",123,"Trawl",1997,4,29,"9:00:00.000",29,19.4,7,170335,"MUGIL CEPHALUS","UNCLASSFD",35,NA,2.6,5
"262",123,"Trawl",1997,4,29,"9:00:00.000",29,19.4,7,170335,"MUGIL CEPHALUS","UNCLASSFD",35,NA,2.6,5
"263",123,"Trawl",1997,4,29,"9:00:00.000",29,19.4,7,170335,"MUGIL CEPHALUS","UNCLASSFD",37,NA,2.6,5
"264",123,"Trawl",1997,4,29,"9:00:00.000",29,19.4,7,170335,"MUGIL CEPHALUS","UNCLASSFD",39,NA,2.6,5
"265",123,"Trawl",1997,4,29,"9:00:00.000",29,19.4,7,170335,"MUGIL CEPHALUS","UNCLASSFD",33,NA,2.6,5
"266",59,"Trawl",1998,2,26,"",20,15.6,5.4,170335,"MUGIL CEPHALUS","UNCLASSFD",24,NA,0.1,1
"267",123,"Trawl",1998,2,26,"",25,15.6,3.4,170335,"MUGIL CEPHALUS","UNCLASSFD",25,NA,0.1,1
"268",123,"Trawl",1998,4,16,"",27,21.1,6.4,170335,"MUGIL CEPHALUS","UNCLASSFD",30,NA,11.9,29
"269",123,"Trawl",1998,4,16,"",27,21.1,6.4,170335,"MUGIL CEPHALUS","UNCLASSFD",31,NA,11.9,29
"270",123,"Trawl",1998,4,16,"",27,21.1,6.4,170335,"MUGIL CEPHALUS","UNCLASSFD",28,NA,11.9,29
"271",123,"Trawl",1998,4,16,"",27,21.1,6.4,170335,"MUGIL CEPHALUS","UNCLASSFD",27,NA,11.9,29
"272",123,"Trawl",1998,4,16,"",27,21.1,6.4,170335,"MUGIL CEPHALUS","UNCLASSFD",25,NA,11.9,29
"273",123,"Trawl",1998,4,16,"",27,21.1,6.4,170335,"MUGIL CEPHALUS","UNCLASSFD",28,NA,11.9,29
"274",123,"Trawl",1998,4,16,"",27,21.1,6.4,170335,"MUGIL CEPHALUS","UNCLASSFD",30,NA,11.9,29
"275",123,"Trawl",1998,4,16,"",27,21.1,6.4,170335,"MUGIL CEPHALUS","UNCLASSFD",29,NA,11.9,29
"276",123,"Trawl",1998,4,16,"",27,21.1,6.4,170335,"MUGIL CEPHALUS","UNCLASSFD",30,NA,11.9,29
"277",123,"Trawl",1998,4,16,"",27,21.1,6.4,170335,"MUGIL CEPHALUS","UNCLASSFD",27,NA,11.9,29
"278",123,"Trawl",1998,4,16,"",27,21.1,6.4,170335,"MUGIL CEPHALUS","UNCLASSFD",33,NA,11.9,29
"279",123,"Trawl",1998,4,16,"",27,21.1,6.4,170335,"MUGIL CEPHALUS","UNCLASSFD",30,NA,11.9,29
"280",123,"Trawl",1998,4,16,"",27,21.1,6.4,170335,"MUGIL CEPHALUS","UNCLASSFD",28,NA,11.9,29
"281",123,"Trawl",1998,4,16,"",27,21.1,6.4,170335,"MUGIL CEPHALUS","UNCLASSFD",31,NA,11.9,29
"282",123,"Trawl",1998,4,16,"",27,21.1,6.4,170335,"MUGIL CEPHALUS","UNCLASSFD",26,NA,11.9,29
"283",123,"Trawl",1998,4,16,"",27,21.1,6.4,170335,"MUGIL CEPHALUS","UNCLASSFD",28,NA,11.9,29
"284",123,"Trawl",1998,4,16,"",27,21.1,6.4,170335,"MUGIL CEPHALUS","UNCLASSFD",28,NA,11.9,29
"285",123,"Trawl",1998,4,16,"",27,21.1,6.4,170335,"MUGIL CEPHALUS","UNCLASSFD",29,NA,11.9,29
"286",123,"Trawl",1998,4,16,"",27,21.1,6.4,170335,"MUGIL CEPHALUS","UNCLASSFD",25,NA,11.9,29
"287",123,"Trawl",1998,4,16,"",27,21.1,6.4,170335,"MUGIL CEPHALUS","UNCLASSFD",26,NA,11.9,29
"288",123,"Trawl",1998,4,16,"",27,21.1,6.4,170335,"MUGIL CEPHALUS","UNCLASSFD",30,NA,11.9,29
"289",123,"Trawl",1998,4,16,"",27,21.1,6.4,170335,"MUGIL CEPHALUS","UNCLASSFD",28,NA,11.9,29
"290",123,"Trawl",1998,4,16,"",27,21.1,6.4,170335,"MUGIL CEPHALUS","UNCLASSFD",32,NA,11.9,29
"291",123,"Trawl",1998,4,16,"",27,21.1,6.4,170335,"MUGIL CEPHALUS","UNCLASSFD",27,NA,11.9,29
"292",123,"Trawl",1998,4,16,"",27,21.1,6.4,170335,"MUGIL CEPHALUS","UNCLASSFD",30,NA,11.9,29
"293",123,"Trawl",1998,4,16,"",27,21.1,6.4,170335,"MUGIL CEPHALUS","UNCLASSFD",28,NA,11.9,29
"294",123,"Trawl",1998,4,16,"",27,21.1,6.4,170335,"MUGIL CEPHALUS","UNCLASSFD",27,NA,11.9,29
"295",123,"Trawl",1998,4,16,"",27,21.1,6.4,170335,"MUGIL CEPHALUS","UNCLASSFD",28,NA,11.9,29
"296",123,"Trawl",1998,4,16,"",27,21.1,6.4,170335,"MUGIL CEPHALUS","UNCLASSFD",28,NA,11.9,29
"297",704,"Trawl",1999,2,2,"10:06:00.000",13,17,6.1,170335,"MUGIL CEPHALUS","UNCLASSFD",25,NA,0.1,1
"298",59,"Trawl",2000,3,15,"",32,19,7.2,170335,"MUGIL CEPHALUS","UNCLASSFD",29,NA,2,7
"299",59,"Trawl",2000,3,15,"",32,19,7.2,170335,"MUGIL CEPHALUS","UNCLASSFD",31,NA,2,7
"300",59,"Trawl",2000,3,15,"",32,19,7.2,170335,"MUGIL CEPHALUS","UNCLASSFD",30,NA,2,7
"301",59,"Trawl",2000,3,15,"",32,19,7.2,170335,"MUGIL CEPHALUS","UNCLASSFD",32,NA,2,7
"302",59,"Trawl",2000,3,15,"",32,19,7.2,170335,"MUGIL CEPHALUS","UNCLASSFD",30,NA,2,7
"303",59,"Trawl",2000,3,15,"",32,19,7.2,170335,"MUGIL CEPHALUS","UNCLASSFD",29,NA,2,7
"304",59,"Trawl",2000,3,15,"",32,19,7.2,170335,"MUGIL CEPHALUS","UNCLASSFD",30,NA,2,7
"305",60,"Trawl",2000,3,15,"",34,19,6.8,170335,"MUGIL CEPHALUS","UNCLASSFD",33,NA,2,6
"306",60,"Trawl",2000,3,15,"",34,19,6.8,170335,"MUGIL CEPHALUS","UNCLASSFD",30,NA,2,6
"307",60,"Trawl",2000,3,15,"",34,19,6.8,170335,"MUGIL CEPHALUS","UNCLASSFD",33,NA,2,6
"308",60,"Trawl",2000,3,15,"",34,19,6.8,170335,"MUGIL CEPHALUS","UNCLASSFD",34,NA,2,6
"309",60,"Trawl",2000,3,15,"",34,19,6.8,170335,"MUGIL CEPHALUS","UNCLASSFD",32,NA,2,6
"310",60,"Trawl",2000,3,15,"",34,19,6.8,170335,"MUGIL CEPHALUS","UNCLASSFD",33,NA,2,6
"311",123,"Trawl",2000,3,15,"",34,20,7,170335,"MUGIL CEPHALUS","UNCLASSFD",34,NA,31,87
"312",123,"Trawl",2000,3,15,"",34,20,7,170335,"MUGIL CEPHALUS","UNCLASSFD",32,NA,31,87
"313",123,"Trawl",2000,3,15,"",34,20,7,170335,"MUGIL CEPHALUS","UNCLASSFD",33,NA,31,87
"314",123,"Trawl",2000,3,15,"",34,20,7,170335,"MUGIL CEPHALUS","UNCLASSFD",34,NA,31,87
"315",123,"Trawl",2000,3,15,"",34,20,7,170335,"MUGIL CEPHALUS","UNCLASSFD",32,NA,31,87
"316",123,"Trawl",2000,3,15,"",34,20,7,170335,"MUGIL CEPHALUS","UNCLASSFD",32,NA,31,87
"317",123,"Trawl",2000,3,15,"",34,20,7,170335,"MUGIL CEPHALUS","UNCLASSFD",33,NA,31,87
"318",123,"Trawl",2000,3,15,"",34,20,7,170335,"MUGIL CEPHALUS","UNCLASSFD",32,NA,31,87
"319",123,"Trawl",2000,3,15,"",34,20,7,170335,"MUGIL CEPHALUS","UNCLASSFD",34,NA,31,87
"320",123,"Trawl",2000,3,15,"",34,20,7,170335,"MUGIL CEPHALUS","UNCLASSFD",29,NA,31,87
"321",123,"Trawl",2000,3,15,"",34,20,7,170335,"MUGIL CEPHALUS","UNCLASSFD",33,NA,31,87
"322",123,"Trawl",2000,3,15,"",34,20,7,170335,"MUGIL CEPHALUS","UNCLASSFD",34,NA,31,87
"323",123,"Trawl",2000,3,15,"",34,20,7,170335,"MUGIL CEPHALUS","UNCLASSFD",31,NA,31,87
"324",123,"Trawl",2000,3,15,"",34,20,7,170335,"MUGIL CEPHALUS","UNCLASSFD",32,NA,31,87
"325",123,"Trawl",2000,3,15,"",34,20,7,170335,"MUGIL CEPHALUS","UNCLASSFD",32,NA,31,87
"326",123,"Trawl",2000,3,15,"",34,20,7,170335,"MUGIL CEPHALUS","UNCLASSFD",31,NA,31,87
"327",123,"Trawl",2000,3,15,"",34,20,7,170335,"MUGIL CEPHALUS","UNCLASSFD",33,NA,31,87
"328",123,"Trawl",2000,3,15,"",34,20,7,170335,"MUGIL CEPHALUS","UNCLASSFD",31,NA,31,87
"329",123,"Trawl",2000,3,15,"",34,20,7,170335,"MUGIL CEPHALUS","UNCLASSFD",32,NA,31,87
"330",123,"Trawl",2000,3,15,"",34,20,7,170335,"MUGIL CEPHALUS","UNCLASSFD",29,NA,31,87
"331",123,"Trawl",2000,3,15,"",34,20,7,170335,"MUGIL CEPHALUS","UNCLASSFD",32,NA,31,87
"332",123,"Trawl",2000,3,15,"",34,20,7,170335,"MUGIL CEPHALUS","UNCLASSFD",30,NA,31,87
"333",123,"Trawl",2000,3,15,"",34,20,7,170335,"MUGIL CEPHALUS","UNCLASSFD",34,NA,31,87
"334",123,"Trawl",2000,3,15,"",34,20,7,170335,"MUGIL CEPHALUS","UNCLASSFD",33,NA,31,87
"335",123,"Trawl",2000,3,15,"",34,20,7,170335,"MUGIL CEPHALUS","UNCLASSFD",30,NA,31,87
"336",123,"Trawl",2000,3,15,"",34,20,7,170335,"MUGIL CEPHALUS","UNCLASSFD",33,NA,31,87
"337",123,"Trawl",2000,3,15,"",34,20,7,170335,"MUGIL CEPHALUS","UNCLASSFD",36,NA,31,87
"338",123,"Trawl",2000,3,15,"",34,20,7,170335,"MUGIL CEPHALUS","UNCLASSFD",30,NA,31,87
"339",123,"Trawl",2000,3,15,"",34,20,7,170335,"MUGIL CEPHALUS","UNCLASSFD",31,NA,31,87
"340",123,"Trawl",2000,3,15,"",34,20,7,170335,"MUGIL CEPHALUS","UNCLASSFD",25,NA,31,87
"341",123,"Trawl",2000,3,15,"",34,20,7,170335,"MUGIL CEPHALUS","UNCLASSFD",35,NA,31,87
"342",123,"Trawl",2000,3,15,"",34,20,7,170335,"MUGIL CEPHALUS","UNCLASSFD",29,NA,31,87
"343",123,"Trawl",2000,3,15,"",34,20,7,170335,"MUGIL CEPHALUS","UNCLASSFD",30,NA,31,87
"344",123,"Trawl",2000,3,15,"",34,20,7,170335,"MUGIL CEPHALUS","UNCLASSFD",31,NA,31,87
"345",123,"Trawl",2000,3,15,"",34,20,7,170335,"MUGIL CEPHALUS","UNCLASSFD",35,NA,31,87
"346",123,"Trawl",2000,3,15,"",34,20,7,170335,"MUGIL CEPHALUS","UNCLASSFD",34,NA,31,87
"347",123,"Trawl",2000,3,15,"",34,20,7,170335,"MUGIL CEPHALUS","UNCLASSFD",32,NA,31,87
"348",123,"Trawl",2000,3,15,"",34,20,7,170335,"MUGIL CEPHALUS","UNCLASSFD",30,NA,31,87
"349",123,"Trawl",2000,3,15,"",34,20,7,170335,"MUGIL CEPHALUS","UNCLASSFD",32,NA,31,87
"350",123,"Trawl",2000,3,15,"",34,20,7,170335,"MUGIL CEPHALUS","UNCLASSFD",29,NA,31,87
"351",123,"Trawl",2000,3,15,"",34,20,7,170335,"MUGIL CEPHALUS","UNCLASSFD",34,NA,31,87
"352",123,"Trawl",2000,3,15,"",34,20,7,170335,"MUGIL CEPHALUS","UNCLASSFD",33,NA,31,87
"353",123,"Trawl",2000,3,15,"",34,20,7,170335,"MUGIL CEPHALUS","UNCLASSFD",34,NA,31,87
"354",123,"Trawl",2000,3,15,"",34,20,7,170335,"MUGIL CEPHALUS","UNCLASSFD",33,NA,31,87
"355",123,"Trawl",2000,3,15,"",34,20,7,170335,"MUGIL CEPHALUS","UNCLASSFD",35,NA,31,87
"356",123,"Trawl",2000,3,15,"",34,20,7,170335,"MUGIL CEPHALUS","UNCLASSFD",32,NA,31,87
"357",123,"Trawl",2000,3,15,"",34,20,7,170335,"MUGIL CEPHALUS","UNCLASSFD",32,NA,31,87
"358",123,"Trawl",2000,3,15,"",34,20,7,170335,"MUGIL CEPHALUS","UNCLASSFD",33,NA,31,87
"359",123,"Trawl",2000,3,15,"",34,20,7,170335,"MUGIL CEPHALUS","UNCLASSFD",28,NA,31,87
"360",123,"Trawl",2000,3,15,"",34,20,7,170335,"MUGIL CEPHALUS","UNCLASSFD",28,NA,31,87
"361",9,"Trawl",2001,1,23,"12:20:00.000",17,7.9,10.2,170335,"MUGIL CEPHALUS","UNCLASSFD",26,NA,0.4,2
"362",9,"Trawl",2001,1,23,"12:20:00.000",17,7.9,10.2,170335,"MUGIL CEPHALUS","UNCLASSFD",25,NA,0.4,2
"363",123,"Trawl",2001,2,28,"11:20:00.000",36,20.6,7.1,170335,"MUGIL CEPHALUS","UNCLASSFD",31,NA,0.3,1
"364",60,"Trawl",2001,3,21,"12:10:00.000",33,13,8.4,170335,"MUGIL CEPHALUS","UNCLASSFD",28,NA,0.4,1
"365",123,"Trawl",2001,3,21,"14:47:00.000",33,13.6,9.4,170335,"MUGIL CEPHALUS","UNCLASSFD",31,NA,2.8,6
"366",123,"Trawl",2001,3,21,"14:47:00.000",33,13.6,9.4,170335,"MUGIL CEPHALUS","UNCLASSFD",30,NA,2.8,6
"367",123,"Trawl",2001,3,21,"14:47:00.000",33,13.6,9.4,170335,"MUGIL CEPHALUS","UNCLASSFD",30,NA,2.8,6
"368",123,"Trawl",2001,3,21,"14:47:00.000",33,13.6,9.4,170335,"MUGIL CEPHALUS","UNCLASSFD",26,NA,2.8,6
"369",123,"Trawl",2001,3,21,"14:47:00.000",33,13.6,9.4,170335,"MUGIL CEPHALUS","UNCLASSFD",26,NA,2.8,6
"370",123,"Trawl",2001,3,21,"14:47:00.000",33,13.6,9.4,170335,"MUGIL CEPHALUS","UNCLASSFD",27,NA,2.8,6
"371",60,"Trawl",2001,4,3,"11:20:00.000",33,20.5,7.5,170335,"MUGIL CEPHALUS","UNCLASSFD",30,NA,4.4,7
"372",60,"Trawl",2001,4,3,"11:20:00.000",33,20.5,7.5,170335,"MUGIL CEPHALUS","UNCLASSFD",27,NA,4.4,7
"373",60,"Trawl",2001,4,3,"11:20:00.000",33,20.5,7.5,170335,"MUGIL CEPHALUS","UNCLASSFD",33,NA,4.4,7
"374",60,"Trawl",2001,4,3,"11:20:00.000",33,20.5,7.5,170335,"MUGIL CEPHALUS","UNCLASSFD",31,NA,4.4,7
"375",60,"Trawl",2001,4,3,"11:20:00.000",33,20.5,7.5,170335,"MUGIL CEPHALUS","UNCLASSFD",29,NA,4.4,7
"376",60,"Trawl",2001,4,3,"11:20:00.000",33,20.5,7.5,170335,"MUGIL CEPHALUS","UNCLASSFD",31,NA,4.4,7
"377",60,"Trawl",2001,4,3,"11:20:00.000",33,20.5,7.5,170335,"MUGIL CEPHALUS","UNCLASSFD",28,NA,4.4,7
"378",94,"Trawl",2001,4,10,"12:03:00.000",24,20.9,4.5,170335,"MUGIL CEPHALUS","UNCLASSFD",35,NA,35.7,41
"379",94,"Trawl",2001,4,10,"12:03:00.000",24,20.9,4.5,170335,"MUGIL CEPHALUS","UNCLASSFD",33,NA,35.7,41
"380",94,"Trawl",2001,4,10,"12:03:00.000",24,20.9,4.5,170335,"MUGIL CEPHALUS","UNCLASSFD",34,NA,35.7,41
"381",94,"Trawl",2001,4,10,"12:03:00.000",24,20.9,4.5,170335,"MUGIL CEPHALUS","UNCLASSFD",33,NA,35.7,41
"382",94,"Trawl",2001,4,10,"12:03:00.000",24,20.9,4.5,170335,"MUGIL CEPHALUS","UNCLASSFD",35,NA,35.7,41
"383",94,"Trawl",2001,4,10,"12:03:00.000",24,20.9,4.5,170335,"MUGIL CEPHALUS","UNCLASSFD",38,NA,35.7,41
"384",94,"Trawl",2001,4,10,"12:03:00.000",24,20.9,4.5,170335,"MUGIL CEPHALUS","UNCLASSFD",34,NA,35.7,41
"385",94,"Trawl",2001,4,10,"12:03:00.000",24,20.9,4.5,170335,"MUGIL CEPHALUS","UNCLASSFD",35,NA,35.7,41
"386",94,"Trawl",2001,4,10,"12:03:00.000",24,20.9,4.5,170335,"MUGIL CEPHALUS","UNCLASSFD",32,NA,35.7,41
"387",94,"Trawl",2001,4,10,"12:03:00.000",24,20.9,4.5,170335,"MUGIL CEPHALUS","UNCLASSFD",35,NA,35.7,41
"388",94,"Trawl",2001,4,10,"12:03:00.000",24,20.9,4.5,170335,"MUGIL CEPHALUS","UNCLASSFD",30,NA,35.7,41
"389",94,"Trawl",2001,4,10,"12:03:00.000",24,20.9,4.5,170335,"MUGIL CEPHALUS","UNCLASSFD",34,NA,35.7,41
"390",94,"Trawl",2001,4,10,"12:03:00.000",24,20.9,4.5,170335,"MUGIL CEPHALUS","UNCLASSFD",33,NA,35.7,41
"391",94,"Trawl",2001,4,10,"12:03:00.000",24,20.9,4.5,170335,"MUGIL CEPHALUS","UNCLASSFD",33,NA,35.7,41
"392",94,"Trawl",2001,4,10,"12:03:00.000",24,20.9,4.5,170335,"MUGIL CEPHALUS","UNCLASSFD",33,NA,35.7,41
"393",94,"Trawl",2001,4,10,"12:03:00.000",24,20.9,4.5,170335,"MUGIL CEPHALUS","UNCLASSFD",33,NA,35.7,41
"394",94,"Trawl",2001,4,10,"12:03:00.000",24,20.9,4.5,170335,"MUGIL CEPHALUS","UNCLASSFD",31,NA,35.7,41
"395",94,"Trawl",2001,4,10,"12:03:00.000",24,20.9,4.5,170335,"MUGIL CEPHALUS","UNCLASSFD",35,NA,35.7,41
"396",94,"Trawl",2001,4,10,"12:03:00.000",24,20.9,4.5,170335,"MUGIL CEPHALUS","UNCLASSFD",36,NA,35.7,41
"397",94,"Trawl",2001,4,10,"12:03:00.000",24,20.9,4.5,170335,"MUGIL CEPHALUS","UNCLASSFD",33,NA,35.7,41
"398",94,"Trawl",2001,4,10,"12:03:00.000",24,20.9,4.5,170335,"MUGIL CEPHALUS","UNCLASSFD",34,NA,35.7,41
"399",94,"Trawl",2001,4,10,"12:03:00.000",24,20.9,4.5,170335,"MUGIL CEPHALUS","UNCLASSFD",34,NA,35.7,41
"400",94,"Trawl",2001,4,10,"12:03:00.000",24,20.9,4.5,170335,"MUGIL CEPHALUS","UNCLASSFD",35,NA,35.7,41
"401",94,"Trawl",2001,4,10,"12:03:00.000",24,20.9,4.5,170335,"MUGIL CEPHALUS","UNCLASSFD",33,NA,35.7,41
"402",94,"Trawl",2001,4,10,"12:03:00.000",24,20.9,4.5,170335,"MUGIL CEPHALUS","UNCLASSFD",33,NA,35.7,41
"403",94,"Trawl",2001,4,10,"12:03:00.000",24,20.9,4.5,170335,"MUGIL CEPHALUS","UNCLASSFD",30,NA,35.7,41
"404",94,"Trawl",2001,4,10,"12:03:00.000",24,20.9,4.5,170335,"MUGIL CEPHALUS","UNCLASSFD",33,NA,35.7,41
"405",94,"Trawl",2001,4,10,"12:03:00.000",24,20.9,4.5,170335,"MUGIL CEPHALUS","UNCLASSFD",35,NA,35.7,41
"406",94,"Trawl",2001,4,10,"12:03:00.000",24,20.9,4.5,170335,"MUGIL CEPHALUS","UNCLASSFD",33,NA,35.7,41
"407",94,"Trawl",2001,4,10,"12:03:00.000",24,20.9,4.5,170335,"MUGIL CEPHALUS","UNCLASSFD",30,NA,35.7,41
"408",94,"Trawl",2001,4,10,"12:03:00.000",24,20.9,4.5,170335,"MUGIL CEPHALUS","UNCLASSFD",33,NA,35.7,41
"409",94,"Trawl",2001,4,10,"12:03:00.000",24,20.9,4.5,170335,"MUGIL CEPHALUS","UNCLASSFD",33,NA,35.7,41
"410",94,"Trawl",2001,4,10,"12:03:00.000",24,20.9,4.5,170335,"MUGIL CEPHALUS","UNCLASSFD",32,NA,35.7,41
"411",94,"Trawl",2001,4,10,"12:03:00.000",24,20.9,4.5,170335,"MUGIL CEPHALUS","UNCLASSFD",29,NA,35.7,41
"412",94,"Trawl",2001,4,10,"12:03:00.000",24,20.9,4.5,170335,"MUGIL CEPHALUS","UNCLASSFD",34,NA,35.7,41
"413",94,"Trawl",2001,4,10,"12:03:00.000",24,20.9,4.5,170335,"MUGIL CEPHALUS","UNCLASSFD",32,NA,35.7,41
"414",94,"Trawl",2001,4,10,"12:03:00.000",24,20.9,4.5,170335,"MUGIL CEPHALUS","UNCLASSFD",33,NA,35.7,41
"415",94,"Trawl",2001,4,10,"12:03:00.000",24,20.9,4.5,170335,"MUGIL CEPHALUS","UNCLASSFD",32,NA,35.7,41
"416",94,"Trawl",2001,4,10,"12:03:00.000",24,20.9,4.5,170335,"MUGIL CEPHALUS","UNCLASSFD",33,NA,35.7,41
"417",94,"Trawl",2001,4,10,"12:03:00.000",24,20.9,4.5,170335,"MUGIL CEPHALUS","UNCLASSFD",31,NA,35.7,41
"418",94,"Trawl",2001,4,10,"12:03:00.000",24,20.9,4.5,170335,"MUGIL CEPHALUS","UNCLASSFD",35,NA,35.7,41
"419",123,"Trawl",2001,4,3,"10:40:00.000",35,19.3,5.3,170335,"MUGIL CEPHALUS","UNCLASSFD",28,NA,154.8,311
"420",123,"Trawl",2001,4,3,"10:40:00.000",35,19.3,5.3,170335,"MUGIL CEPHALUS","UNCLASSFD",28,NA,154.8,311
"421",123,"Trawl",2001,4,3,"10:40:00.000",35,19.3,5.3,170335,"MUGIL CEPHALUS","UNCLASSFD",27,NA,154.8,311
"422",123,"Trawl",2001,4,3,"10:40:00.000",35,19.3,5.3,170335,"MUGIL CEPHALUS","UNCLASSFD",30,NA,154.8,311
"423",123,"Trawl",2001,4,3,"10:40:00.000",35,19.3,5.3,170335,"MUGIL CEPHALUS","UNCLASSFD",32,NA,154.8,311
"424",123,"Trawl",2001,4,3,"10:40:00.000",35,19.3,5.3,170335,"MUGIL CEPHALUS","UNCLASSFD",25,NA,154.8,311
"425",123,"Trawl",2001,4,3,"10:40:00.000",35,19.3,5.3,170335,"MUGIL CEPHALUS","UNCLASSFD",29,NA,154.8,311
"426",123,"Trawl",2001,4,3,"10:40:00.000",35,19.3,5.3,170335,"MUGIL CEPHALUS","UNCLASSFD",25,NA,154.8,311
"427",123,"Trawl",2001,4,3,"10:40:00.000",35,19.3,5.3,170335,"MUGIL CEPHALUS","UNCLASSFD",28,NA,154.8,311
"428",123,"Trawl",2001,4,3,"10:40:00.000",35,19.3,5.3,170335,"MUGIL CEPHALUS","UNCLASSFD",31,NA,154.8,311
"429",123,"Trawl",2001,4,3,"10:40:00.000",35,19.3,5.3,170335,"MUGIL CEPHALUS","UNCLASSFD",32,NA,154.8,311
"430",123,"Trawl",2001,4,3,"10:40:00.000",35,19.3,5.3,170335,"MUGIL CEPHALUS","UNCLASSFD",32,NA,154.8,311
"431",123,"Trawl",2001,4,3,"10:40:00.000",35,19.3,5.3,170335,"MUGIL CEPHALUS","UNCLASSFD",30,NA,154.8,311
"432",123,"Trawl",2001,4,3,"10:40:00.000",35,19.3,5.3,170335,"MUGIL CEPHALUS","UNCLASSFD",33,NA,154.8,311
"433",123,"Trawl",2001,4,3,"10:40:00.000",35,19.3,5.3,170335,"MUGIL CEPHALUS","UNCLASSFD",34,NA,154.8,311
"434",123,"Trawl",2001,4,3,"10:40:00.000",35,19.3,5.3,170335,"MUGIL CEPHALUS","UNCLASSFD",27,NA,154.8,311
"435",123,"Trawl",2001,4,3,"10:40:00.000",35,19.3,5.3,170335,"MUGIL CEPHALUS","UNCLASSFD",26,NA,154.8,311
"436",123,"Trawl",2001,4,3,"10:40:00.000",35,19.3,5.3,170335,"MUGIL CEPHALUS","UNCLASSFD",26,NA,154.8,311
"437",123,"Trawl",2001,4,3,"10:40:00.000",35,19.3,5.3,170335,"MUGIL CEPHALUS","UNCLASSFD",28,NA,154.8,311
"438",123,"Trawl",2001,4,3,"10:40:00.000",35,19.3,5.3,170335,"MUGIL CEPHALUS","UNCLASSFD",29,NA,154.8,311
"439",123,"Trawl",2001,4,3,"10:40:00.000",35,19.3,5.3,170335,"MUGIL CEPHALUS","UNCLASSFD",28,NA,154.8,311
"440",123,"Trawl",2001,4,3,"10:40:00.000",35,19.3,5.3,170335,"MUGIL CEPHALUS","UNCLASSFD",30,NA,154.8,311
"441",123,"Trawl",2001,4,3,"10:40:00.000",35,19.3,5.3,170335,"MUGIL CEPHALUS","UNCLASSFD",27,NA,154.8,311
"442",123,"Trawl",2001,4,3,"10:40:00.000",35,19.3,5.3,170335,"MUGIL CEPHALUS","UNCLASSFD",28,NA,154.8,311
"443",123,"Trawl",2001,4,3,"10:40:00.000",35,19.3,5.3,170335,"MUGIL CEPHALUS","UNCLASSFD",30,NA,154.8,311
"444",123,"Trawl",2001,4,3,"10:40:00.000",35,19.3,5.3,170335,"MUGIL CEPHALUS","UNCLASSFD",30,NA,154.8,311
"445",123,"Trawl",2001,4,3,"10:40:00.000",35,19.3,5.3,170335,"MUGIL CEPHALUS","UNCLASSFD",28,NA,154.8,311
"446",123,"Trawl",2001,4,3,"10:40:00.000",35,19.3,5.3,170335,"MUGIL CEPHALUS","UNCLASSFD",29,NA,154.8,311
"447",123,"Trawl",2001,4,3,"10:40:00.000",35,19.3,5.3,170335,"MUGIL CEPHALUS","UNCLASSFD",26,NA,154.8,311
"448",123,"Trawl",2001,4,3,"10:40:00.000",35,19.3,5.3,170335,"MUGIL CEPHALUS","UNCLASSFD",30,NA,154.8,311
"449",123,"Trawl",2001,4,3,"10:40:00.000",35,19.3,5.3,170335,"MUGIL CEPHALUS","UNCLASSFD",26,NA,154.8,311
"450",123,"Trawl",2001,4,3,"10:40:00.000",35,19.3,5.3,170335,"MUGIL CEPHALUS","UNCLASSFD",28,NA,154.8,311
"451",123,"Trawl",2001,4,3,"10:40:00.000",35,19.3,5.3,170335,"MUGIL CEPHALUS","UNCLASSFD",28,NA,154.8,311
"452",123,"Trawl",2001,4,3,"10:40:00.000",35,19.3,5.3,170335,"MUGIL CEPHALUS","UNCLASSFD",29,NA,154.8,311
"453",123,"Trawl",2001,4,3,"10:40:00.000",35,19.3,5.3,170335,"MUGIL CEPHALUS","UNCLASSFD",27,NA,154.8,311
"454",123,"Trawl",2001,4,3,"10:40:00.000",35,19.3,5.3,170335,"MUGIL CEPHALUS","UNCLASSFD",26,NA,154.8,311
"455",123,"Trawl",2001,4,3,"10:40:00.000",35,19.3,5.3,170335,"MUGIL CEPHALUS","UNCLASSFD",29,NA,154.8,311
"456",123,"Trawl",2001,4,3,"10:40:00.000",35,19.3,5.3,170335,"MUGIL CEPHALUS","UNCLASSFD",31,NA,154.8,311
"457",123,"Trawl",2001,4,3,"10:40:00.000",35,19.3,5.3,170335,"MUGIL CEPHALUS","UNCLASSFD",27,NA,154.8,311
"458",123,"Trawl",2001,4,3,"10:40:00.000",35,19.3,5.3,170335,"MUGIL CEPHALUS","UNCLASSFD",28,NA,154.8,311
"459",123,"Trawl",2001,4,3,"10:40:00.000",35,19.3,5.3,170335,"MUGIL CEPHALUS","UNCLASSFD",28,NA,154.8,311
"460",123,"Trawl",2001,4,3,"10:40:00.000",35,19.3,5.3,170335,"MUGIL CEPHALUS","UNCLASSFD",30,NA,154.8,311
"461",123,"Trawl",2001,4,3,"10:40:00.000",35,19.3,5.3,170335,"MUGIL CEPHALUS","UNCLASSFD",27,NA,154.8,311
"462",123,"Trawl",2001,4,3,"10:40:00.000",35,19.3,5.3,170335,"MUGIL CEPHALUS","UNCLASSFD",25,NA,154.8,311
"463",123,"Trawl",2001,4,3,"10:40:00.000",35,19.3,5.3,170335,"MUGIL CEPHALUS","UNCLASSFD",27,NA,154.8,311
"464",123,"Trawl",2001,4,3,"10:40:00.000",35,19.3,5.3,170335,"MUGIL CEPHALUS","UNCLASSFD",29,NA,154.8,311
"465",123,"Trawl",2001,4,3,"10:40:00.000",35,19.3,5.3,170335,"MUGIL CEPHALUS","UNCLASSFD",26,NA,154.8,311
"466",123,"Trawl",2001,4,3,"10:40:00.000",35,19.3,5.3,170335,"MUGIL CEPHALUS","UNCLASSFD",30,NA,154.8,311
"467",123,"Trawl",2001,4,3,"10:40:00.000",35,19.3,5.3,170335,"MUGIL CEPHALUS","UNCLASSFD",29,NA,154.8,311
"468",123,"Trawl",2001,4,3,"10:40:00.000",35,19.3,5.3,170335,"MUGIL CEPHALUS","UNCLASSFD",29,NA,154.8,311
"469",59,"Trawl",2001,5,17,"11:00:00.000",33,26.6,5.4,170335,"MUGIL CEPHALUS","UNCLASSFD",55,NA,400.7,141
"470",59,"Trawl",2001,5,17,"11:00:00.000",33,26.6,5.4,170335,"MUGIL CEPHALUS","UNCLASSFD",49,NA,400.7,141
"471",59,"Trawl",2001,5,17,"11:00:00.000",33,26.6,5.4,170335,"MUGIL CEPHALUS","UNCLASSFD",51,NA,400.7,141
"472",59,"Trawl",2001,5,17,"11:00:00.000",33,26.6,5.4,170335,"MUGIL CEPHALUS","UNCLASSFD",45,NA,400.7,141
"473",59,"Trawl",2001,5,17,"11:00:00.000",33,26.6,5.4,170335,"MUGIL CEPHALUS","UNCLASSFD",54,NA,400.7,141
"474",59,"Trawl",2001,5,17,"11:00:00.000",33,26.6,5.4,170335,"MUGIL CEPHALUS","UNCLASSFD",56,NA,400.7,141
"475",59,"Trawl",2001,5,17,"11:00:00.000",33,26.6,5.4,170335,"MUGIL CEPHALUS","UNCLASSFD",45,NA,400.7,141
"476",59,"Trawl",2001,5,17,"11:00:00.000",33,26.6,5.4,170335,"MUGIL CEPHALUS","UNCLASSFD",48,NA,400.7,141
"477",59,"Trawl",2001,5,17,"11:00:00.000",33,26.6,5.4,170335,"MUGIL CEPHALUS","UNCLASSFD",60,NA,400.7,141
"478",59,"Trawl",2001,5,17,"11:00:00.000",33,26.6,5.4,170335,"MUGIL CEPHALUS","UNCLASSFD",58,NA,400.7,141
"479",59,"Trawl",2001,5,17,"11:00:00.000",33,26.6,5.4,170335,"MUGIL CEPHALUS","UNCLASSFD",49,NA,400.7,141
"480",59,"Trawl",2001,5,17,"11:00:00.000",33,26.6,5.4,170335,"MUGIL CEPHALUS","UNCLASSFD",44,NA,400.7,141
"481",59,"Trawl",2001,5,17,"11:00:00.000",33,26.6,5.4,170335,"MUGIL CEPHALUS","UNCLASSFD",48,NA,400.7,141
"482",59,"Trawl",2001,5,17,"11:00:00.000",33,26.6,5.4,170335,"MUGIL CEPHALUS","UNCLASSFD",46,NA,400.7,141
"483",59,"Trawl",2001,5,17,"11:00:00.000",33,26.6,5.4,170335,"MUGIL CEPHALUS","UNCLASSFD",45,NA,400.7,141
"484",59,"Trawl",2001,5,17,"11:00:00.000",33,26.6,5.4,170335,"MUGIL CEPHALUS","UNCLASSFD",58,NA,400.7,141
"485",59,"Trawl",2001,5,17,"11:00:00.000",33,26.6,5.4,170335,"MUGIL CEPHALUS","UNCLASSFD",58,NA,400.7,141
"486",59,"Trawl",2001,5,17,"11:00:00.000",33,26.6,5.4,170335,"MUGIL CEPHALUS","UNCLASSFD",47,NA,400.7,141
"487",59,"Trawl",2001,5,17,"11:00:00.000",33,26.6,5.4,170335,"MUGIL CEPHALUS","UNCLASSFD",59,NA,400.7,141
"488",59,"Trawl",2001,5,17,"11:00:00.000",33,26.6,5.4,170335,"MUGIL CEPHALUS","UNCLASSFD",55,NA,400.7,141
"489",59,"Trawl",2001,5,17,"11:00:00.000",33,26.6,5.4,170335,"MUGIL CEPHALUS","UNCLASSFD",45,NA,400.7,141
"490",59,"Trawl",2001,5,17,"11:00:00.000",33,26.6,5.4,170335,"MUGIL CEPHALUS","UNCLASSFD",52,NA,400.7,141
"491",59,"Trawl",2001,5,17,"11:00:00.000",33,26.6,5.4,170335,"MUGIL CEPHALUS","UNCLASSFD",46,NA,400.7,141
"492",59,"Trawl",2001,5,17,"11:00:00.000",33,26.6,5.4,170335,"MUGIL CEPHALUS","UNCLASSFD",56,NA,400.7,141
"493",59,"Trawl",2001,5,17,"11:00:00.000",33,26.6,5.4,170335,"MUGIL CEPHALUS","UNCLASSFD",55,NA,400.7,141
"494",59,"Trawl",2001,5,17,"11:00:00.000",33,26.6,5.4,170335,"MUGIL CEPHALUS","UNCLASSFD",62,NA,400.7,141
"495",59,"Trawl",2001,5,17,"11:00:00.000",33,26.6,5.4,170335,"MUGIL CEPHALUS","UNCLASSFD",56,NA,400.7,141
"496",59,"Trawl",2001,5,17,"11:00:00.000",33,26.6,5.4,170335,"MUGIL CEPHALUS","UNCLASSFD",52,NA,400.7,141
"497",59,"Trawl",2001,5,17,"11:00:00.000",33,26.6,5.4,170335,"MUGIL CEPHALUS","UNCLASSFD",61,NA,400.7,141
"498",59,"Trawl",2001,5,17,"11:00:00.000",33,26.6,5.4,170335,"MUGIL CEPHALUS","UNCLASSFD",50,NA,400.7,141
"499",59,"Trawl",2001,5,17,"11:00:00.000",33,26.6,5.4,170335,"MUGIL CEPHALUS","UNCLASSFD",50,NA,400.7,141
"500",59,"Trawl",2001,5,17,"11:00:00.000",33,26.6,5.4,170335,"MUGIL CEPHALUS","UNCLASSFD",50,NA,400.7,141
"501",59,"Trawl",2001,5,17,"11:00:00.000",33,26.6,5.4,170335,"MUGIL CEPHALUS","UNCLASSFD",45,NA,400.7,141
"502",59,"Trawl",2001,5,17,"11:00:00.000",33,26.6,5.4,170335,"MUGIL CEPHALUS","UNCLASSFD",56,NA,400.7,141
"503",59,"Trawl",2001,5,17,"11:00:00.000",33,26.6,5.4,170335,"MUGIL CEPHALUS","UNCLASSFD",54,NA,400.7,141
"504",59,"Trawl",2001,5,17,"11:00:00.000",33,26.6,5.4,170335,"MUGIL CEPHALUS","UNCLASSFD",53,NA,400.7,141
"505",59,"Trawl",2001,5,17,"11:00:00.000",33,26.6,5.4,170335,"MUGIL CEPHALUS","UNCLASSFD",42,NA,400.7,141
"506",59,"Trawl",2001,5,17,"11:00:00.000",33,26.6,5.4,170335,"MUGIL CEPHALUS","UNCLASSFD",46,NA,400.7,141
"507",59,"Trawl",2001,5,17,"11:00:00.000",33,26.6,5.4,170335,"MUGIL CEPHALUS","UNCLASSFD",44,NA,400.7,141
"508",59,"Trawl",2001,5,17,"11:00:00.000",33,26.6,5.4,170335,"MUGIL CEPHALUS","UNCLASSFD",49,NA,400.7,141
"509",59,"Trawl",2001,5,17,"11:00:00.000",33,26.6,5.4,170335,"MUGIL CEPHALUS","UNCLASSFD",48,NA,400.7,141
"510",59,"Trawl",2001,5,17,"11:00:00.000",33,26.6,5.4,170335,"MUGIL CEPHALUS","UNCLASSFD",46,NA,400.7,141
"511",59,"Trawl",2001,5,17,"11:00:00.000",33,26.6,5.4,170335,"MUGIL CEPHALUS","UNCLASSFD",50,NA,400.7,141
"512",59,"Trawl",2001,5,17,"11:00:00.000",33,26.6,5.4,170335,"MUGIL CEPHALUS","UNCLASSFD",51,NA,400.7,141
"513",59,"Trawl",2001,5,17,"11:00:00.000",33,26.6,5.4,170335,"MUGIL CEPHALUS","UNCLASSFD",49,NA,400.7,141
"514",59,"Trawl",2001,5,17,"11:00:00.000",33,26.6,5.4,170335,"MUGIL CEPHALUS","UNCLASSFD",55,NA,400.7,141
"515",59,"Trawl",2001,5,17,"11:00:00.000",33,26.6,5.4,170335,"MUGIL CEPHALUS","UNCLASSFD",48,NA,400.7,141
"516",59,"Trawl",2001,5,17,"11:00:00.000",33,26.6,5.4,170335,"MUGIL CEPHALUS","UNCLASSFD",49,NA,400.7,141
"517",59,"Trawl",2001,5,17,"11:00:00.000",33,26.6,5.4,170335,"MUGIL CEPHALUS","UNCLASSFD",49,NA,400.7,141
"518",59,"Trawl",2001,5,17,"11:00:00.000",33,26.6,5.4,170335,"MUGIL CEPHALUS","UNCLASSFD",40,NA,400.7,141
"519",59,"Trawl",2001,6,26,"9:37:00.000",30,28.5,4.8,170335,"MUGIL CEPHALUS","UNCLASSFD",87,NA,115,12
"520",59,"Trawl",2001,6,26,"9:37:00.000",30,28.5,4.8,170335,"MUGIL CEPHALUS","UNCLASSFD",81,NA,115,12
"521",59,"Trawl",2001,6,26,"9:37:00.000",30,28.5,4.8,170335,"MUGIL CEPHALUS","UNCLASSFD",80,NA,115,12
"522",59,"Trawl",2001,6,26,"9:37:00.000",30,28.5,4.8,170335,"MUGIL CEPHALUS","UNCLASSFD",68,NA,115,12
"523",59,"Trawl",2001,6,26,"9:37:00.000",30,28.5,4.8,170335,"MUGIL CEPHALUS","UNCLASSFD",67,NA,115,12
"524",59,"Trawl",2001,6,26,"9:37:00.000",30,28.5,4.8,170335,"MUGIL CEPHALUS","UNCLASSFD",70,NA,115,12
"525",59,"Trawl",2001,6,26,"9:37:00.000",30,28.5,4.8,170335,"MUGIL CEPHALUS","UNCLASSFD",74,NA,115,12
"526",59,"Trawl",2001,6,26,"9:37:00.000",30,28.5,4.8,170335,"MUGIL CEPHALUS","UNCLASSFD",73,NA,115,12
"527",59,"Trawl",2001,6,26,"9:37:00.000",30,28.5,4.8,170335,"MUGIL CEPHALUS","UNCLASSFD",71,NA,115,12
"528",59,"Trawl",2001,6,26,"9:37:00.000",30,28.5,4.8,170335,"MUGIL CEPHALUS","UNCLASSFD",80,NA,115,12
"529",59,"Trawl",2001,6,26,"9:37:00.000",30,28.5,4.8,170335,"MUGIL CEPHALUS","UNCLASSFD",71,NA,115,12
"530",59,"Trawl",2001,6,26,"9:37:00.000",30,28.5,4.8,170335,"MUGIL CEPHALUS","UNCLASSFD",71,NA,115,12
"531",123,"Trawl",2001,6,26,"9:36:00.000",33,28.3,4.9,170335,"MUGIL CEPHALUS","UNCLASSFD",109,NA,105,3
"532",123,"Trawl",2001,6,26,"9:36:00.000",33,28.3,4.9,170335,"MUGIL CEPHALUS","UNCLASSFD",112,NA,105,3
"533",123,"Trawl",2001,6,26,"9:36:00.000",33,28.3,4.9,170335,"MUGIL CEPHALUS","UNCLASSFD",116,NA,105,3
"534",27,"Trawl",2001,8,10,"10:25:00.000",8,28,4.6,170335,"MUGIL CEPHALUS","UNCLASSFD",110,NA,30.6,1
"535",29,"Trawl",2001,8,23,"11:45:00.000",19,29.4,2.9,170335,"MUGIL CEPHALUS","UNCLASSFD",94,NA,27.6,1
"536",12,"Trawl",2001,10,2,"13:35:00.000",14,21.5,5.6,170335,"MUGIL CEPHALUS","UNCLASSFD",118,NA,33.1,1
"537",59,"Trawl",2001,11,15,"10:00:00.000",33,18.4,2.3,170335,"MUGIL CEPHALUS","UNCLASSFD",111,NA,40.3,2
"538",59,"Trawl",2001,11,15,"10:00:00.000",33,18.4,2.3,170335,"MUGIL CEPHALUS","UNCLASSFD",106,NA,40.3,2
"539",97,"Trawl",2001,12,7,"11:00:00.000",29,20.3,3.9,170335,"MUGIL CEPHALUS","UNCLASSFD",77,NA,9.6,1
"540",59,"Trawl",2002,4,19,"10:27:00.000",28,26.8,6.9,170335,"MUGIL CEPHALUS","UNCLASSFD",28,NA,41.5,76
"541",59,"Trawl",2002,4,19,"10:27:00.000",28,26.8,6.9,170335,"MUGIL CEPHALUS","UNCLASSFD",30,NA,41.5,76
"542",59,"Trawl",2002,4,19,"10:27:00.000",28,26.8,6.9,170335,"MUGIL CEPHALUS","UNCLASSFD",29,NA,41.5,76
"543",59,"Trawl",2002,4,19,"10:27:00.000",28,26.8,6.9,170335,"MUGIL CEPHALUS","UNCLASSFD",30,NA,41.5,76
"544",59,"Trawl",2002,4,19,"10:27:00.000",28,26.8,6.9,170335,"MUGIL CEPHALUS","UNCLASSFD",31,NA,41.5,76
"545",59,"Trawl",2002,4,19,"10:27:00.000",28,26.8,6.9,170335,"MUGIL CEPHALUS","UNCLASSFD",28,NA,41.5,76
"546",59,"Trawl",2002,4,19,"10:27:00.000",28,26.8,6.9,170335,"MUGIL CEPHALUS","UNCLASSFD",27,NA,41.5,76
"547",59,"Trawl",2002,4,19,"10:27:00.000",28,26.8,6.9,170335,"MUGIL CEPHALUS","UNCLASSFD",30,NA,41.5,76
"548",59,"Trawl",2002,4,19,"10:27:00.000",28,26.8,6.9,170335,"MUGIL CEPHALUS","UNCLASSFD",30,NA,41.5,76
"549",59,"Trawl",2002,4,19,"10:27:00.000",28,26.8,6.9,170335,"MUGIL CEPHALUS","UNCLASSFD",32,NA,41.5,76
"550",59,"Trawl",2002,4,19,"10:27:00.000",28,26.8,6.9,170335,"MUGIL CEPHALUS","UNCLASSFD",31,NA,41.5,76
"551",59,"Trawl",2002,4,19,"10:27:00.000",28,26.8,6.9,170335,"MUGIL CEPHALUS","UNCLASSFD",30,NA,41.5,76
"552",59,"Trawl",2002,4,19,"10:27:00.000",28,26.8,6.9,170335,"MUGIL CEPHALUS","UNCLASSFD",28,NA,41.5,76
"553",59,"Trawl",2002,4,19,"10:27:00.000",28,26.8,6.9,170335,"MUGIL CEPHALUS","UNCLASSFD",27,NA,41.5,76
"554",59,"Trawl",2002,4,19,"10:27:00.000",28,26.8,6.9,170335,"MUGIL CEPHALUS","UNCLASSFD",30,NA,41.5,76
"555",59,"Trawl",2002,4,19,"10:27:00.000",28,26.8,6.9,170335,"MUGIL CEPHALUS","UNCLASSFD",28,NA,41.5,76
"556",59,"Trawl",2002,4,19,"10:27:00.000",28,26.8,6.9,170335,"MUGIL CEPHALUS","UNCLASSFD",30,NA,41.5,76
"557",59,"Trawl",2002,4,19,"10:27:00.000",28,26.8,6.9,170335,"MUGIL CEPHALUS","UNCLASSFD",27,NA,41.5,76
"558",59,"Trawl",2002,4,19,"10:27:00.000",28,26.8,6.9,170335,"MUGIL CEPHALUS","UNCLASSFD",29,NA,41.5,76
"559",59,"Trawl",2002,4,19,"10:27:00.000",28,26.8,6.9,170335,"MUGIL CEPHALUS","UNCLASSFD",30,NA,41.5,76
"560",59,"Trawl",2002,4,19,"10:27:00.000",28,26.8,6.9,170335,"MUGIL CEPHALUS","UNCLASSFD",27,NA,41.5,76
"561",59,"Trawl",2002,4,19,"10:27:00.000",28,26.8,6.9,170335,"MUGIL CEPHALUS","UNCLASSFD",28,NA,41.5,76
"562",59,"Trawl",2002,4,19,"10:27:00.000",28,26.8,6.9,170335,"MUGIL CEPHALUS","UNCLASSFD",30,NA,41.5,76
"563",59,"Trawl",2002,4,19,"10:27:00.000",28,26.8,6.9,170335,"MUGIL CEPHALUS","UNCLASSFD",32,NA,41.5,76
"564",59,"Trawl",2002,4,19,"10:27:00.000",28,26.8,6.9,170335,"MUGIL CEPHALUS","UNCLASSFD",29,NA,41.5,76
"565",59,"Trawl",2002,4,19,"10:27:00.000",28,26.8,6.9,170335,"MUGIL CEPHALUS","UNCLASSFD",33,NA,41.5,76
"566",59,"Trawl",2002,4,19,"10:27:00.000",28,26.8,6.9,170335,"MUGIL CEPHALUS","UNCLASSFD",35,NA,41.5,76
"567",59,"Trawl",2002,4,19,"10:27:00.000",28,26.8,6.9,170335,"MUGIL CEPHALUS","UNCLASSFD",27,NA,41.5,76
"568",59,"Trawl",2002,4,19,"10:27:00.000",28,26.8,6.9,170335,"MUGIL CEPHALUS","UNCLASSFD",26,NA,41.5,76
"569",59,"Trawl",2002,4,19,"10:27:00.000",28,26.8,6.9,170335,"MUGIL CEPHALUS","UNCLASSFD",26,NA,41.5,76
"570",59,"Trawl",2002,4,19,"10:27:00.000",28,26.8,6.9,170335,"MUGIL CEPHALUS","UNCLASSFD",23,NA,41.5,76
"571",59,"Trawl",2002,4,19,"10:27:00.000",28,26.8,6.9,170335,"MUGIL CEPHALUS","UNCLASSFD",26,NA,41.5,76
"572",59,"Trawl",2002,4,19,"10:27:00.000",28,26.8,6.9,170335,"MUGIL CEPHALUS","UNCLASSFD",29,NA,41.5,76
"573",59,"Trawl",2002,4,19,"10:27:00.000",28,26.8,6.9,170335,"MUGIL CEPHALUS","UNCLASSFD",30,NA,41.5,76
"574",59,"Trawl",2002,4,19,"10:27:00.000",28,26.8,6.9,170335,"MUGIL CEPHALUS","UNCLASSFD",30,NA,41.5,76
"575",59,"Trawl",2002,4,19,"10:27:00.000",28,26.8,6.9,170335,"MUGIL CEPHALUS","UNCLASSFD",27,NA,41.5,76
"576",59,"Trawl",2002,4,19,"10:27:00.000",28,26.8,6.9,170335,"MUGIL CEPHALUS","UNCLASSFD",30,NA,41.5,76
"577",59,"Trawl",2002,4,19,"10:27:00.000",28,26.8,6.9,170335,"MUGIL CEPHALUS","UNCLASSFD",29,NA,41.5,76
"578",59,"Trawl",2002,4,19,"10:27:00.000",28,26.8,6.9,170335,"MUGIL CEPHALUS","UNCLASSFD",24,NA,41.5,76
"579",59,"Trawl",2002,4,19,"10:27:00.000",28,26.8,6.9,170335,"MUGIL CEPHALUS","UNCLASSFD",29,NA,41.5,76
"580",59,"Trawl",2002,4,19,"10:27:00.000",28,26.8,6.9,170335,"MUGIL CEPHALUS","UNCLASSFD",30,NA,41.5,76
"581",59,"Trawl",2002,4,19,"10:27:00.000",28,26.8,6.9,170335,"MUGIL CEPHALUS","UNCLASSFD",28,NA,41.5,76
"582",59,"Trawl",2002,4,19,"10:27:00.000",28,26.8,6.9,170335,"MUGIL CEPHALUS","UNCLASSFD",31,NA,41.5,76
"583",59,"Trawl",2002,4,19,"10:27:00.000",28,26.8,6.9,170335,"MUGIL CEPHALUS","UNCLASSFD",27,NA,41.5,76
"584",59,"Trawl",2002,4,19,"10:27:00.000",28,26.8,6.9,170335,"MUGIL CEPHALUS","UNCLASSFD",29,NA,41.5,76
"585",59,"Trawl",2002,4,19,"10:27:00.000",28,26.8,6.9,170335,"MUGIL CEPHALUS","UNCLASSFD",31,NA,41.5,76
"586",59,"Trawl",2002,4,19,"10:27:00.000",28,26.8,6.9,170335,"MUGIL CEPHALUS","UNCLASSFD",32,NA,41.5,76
"587",59,"Trawl",2002,4,19,"10:27:00.000",28,26.8,6.9,170335,"MUGIL CEPHALUS","UNCLASSFD",31,NA,41.5,76
"588",59,"Trawl",2002,4,19,"10:27:00.000",28,26.8,6.9,170335,"MUGIL CEPHALUS","UNCLASSFD",31,NA,41.5,76
"589",59,"Trawl",2002,4,19,"10:27:00.000",28,26.8,6.9,170335,"MUGIL CEPHALUS","UNCLASSFD",29,NA,41.5,76
"590",60,"Trawl",2002,4,19,"8:00:00.000",32,25.2,6.2,170335,"MUGIL CEPHALUS","UNCLASSFD",35,NA,7.6,9
"591",60,"Trawl",2002,4,19,"8:00:00.000",32,25.2,6.2,170335,"MUGIL CEPHALUS","UNCLASSFD",34,NA,7.6,9
"592",60,"Trawl",2002,4,19,"8:00:00.000",32,25.2,6.2,170335,"MUGIL CEPHALUS","UNCLASSFD",35,NA,7.6,9
"593",60,"Trawl",2002,4,19,"8:00:00.000",32,25.2,6.2,170335,"MUGIL CEPHALUS","UNCLASSFD",31,NA,7.6,9
"594",60,"Trawl",2002,4,19,"8:00:00.000",32,25.2,6.2,170335,"MUGIL CEPHALUS","UNCLASSFD",33,NA,7.6,9
"595",60,"Trawl",2002,4,19,"8:00:00.000",32,25.2,6.2,170335,"MUGIL CEPHALUS","UNCLASSFD",32,NA,7.6,9
"596",60,"Trawl",2002,4,19,"8:00:00.000",32,25.2,6.2,170335,"MUGIL CEPHALUS","UNCLASSFD",39,NA,7.6,9
"597",60,"Trawl",2002,4,19,"8:00:00.000",32,25.2,6.2,170335,"MUGIL CEPHALUS","UNCLASSFD",32,NA,7.6,9
"598",60,"Trawl",2002,4,19,"8:00:00.000",32,25.2,6.2,170335,"MUGIL CEPHALUS","UNCLASSFD",36,NA,7.6,9
"599",133,"Trawl",2004,2,18,"12:50:00.000",4,10,8.1,170335,"MUGIL CEPHALUS","UNCLASSFD",251,NA,296.2,1
"600",31,"Trawl",2004,3,30,"12:15:00.000",29,21.1,7.1,170335,"MUGIL CEPHALUS","UNCLASSFD",29,NA,10.2,19
"601",31,"Trawl",2004,3,30,"12:15:00.000",29,21.1,7.1,170335,"MUGIL CEPHALUS","UNCLASSFD",32,NA,10.2,19
"602",31,"Trawl",2004,3,30,"12:15:00.000",29,21.1,7.1,170335,"MUGIL CEPHALUS","UNCLASSFD",27,NA,10.2,19
"603",31,"Trawl",2004,3,30,"12:15:00.000",29,21.1,7.1,170335,"MUGIL CEPHALUS","UNCLASSFD",31,NA,10.2,19
"604",31,"Trawl",2004,3,30,"12:15:00.000",29,21.1,7.1,170335,"MUGIL CEPHALUS","UNCLASSFD",30,NA,10.2,19
"605",31,"Trawl",2004,3,30,"12:15:00.000",29,21.1,7.1,170335,"MUGIL CEPHALUS","UNCLASSFD",26,NA,10.2,19
"606",31,"Trawl",2004,3,30,"12:15:00.000",29,21.1,7.1,170335,"MUGIL CEPHALUS","UNCLASSFD",27,NA,10.2,19
"607",31,"Trawl",2004,3,30,"12:15:00.000",29,21.1,7.1,170335,"MUGIL CEPHALUS","UNCLASSFD",28,NA,10.2,19
"608",31,"Trawl",2004,3,30,"12:15:00.000",29,21.1,7.1,170335,"MUGIL CEPHALUS","UNCLASSFD",28,NA,10.2,19
"609",31,"Trawl",2004,3,30,"12:15:00.000",29,21.1,7.1,170335,"MUGIL CEPHALUS","UNCLASSFD",26,NA,10.2,19
"610",31,"Trawl",2004,3,30,"12:15:00.000",29,21.1,7.1,170335,"MUGIL CEPHALUS","UNCLASSFD",32,NA,10.2,19
"611",31,"Trawl",2004,3,30,"12:15:00.000",29,21.1,7.1,170335,"MUGIL CEPHALUS","UNCLASSFD",27,NA,10.2,19
"612",31,"Trawl",2004,3,30,"12:15:00.000",29,21.1,7.1,170335,"MUGIL CEPHALUS","UNCLASSFD",34,NA,10.2,19
"613",31,"Trawl",2004,3,30,"12:15:00.000",29,21.1,7.1,170335,"MUGIL CEPHALUS","UNCLASSFD",27,NA,10.2,19
"614",31,"Trawl",2004,3,30,"12:15:00.000",29,21.1,7.1,170335,"MUGIL CEPHALUS","UNCLASSFD",29,NA,10.2,19
"615",31,"Trawl",2004,3,30,"12:15:00.000",29,21.1,7.1,170335,"MUGIL CEPHALUS","UNCLASSFD",21,NA,10.2,19
"616",31,"Trawl",2004,3,30,"12:15:00.000",29,21.1,7.1,170335,"MUGIL CEPHALUS","UNCLASSFD",30,NA,10.2,19
"617",31,"Trawl",2004,3,30,"12:15:00.000",29,21.1,7.1,170335,"MUGIL CEPHALUS","UNCLASSFD",30,NA,10.2,19
"618",31,"Trawl",2004,3,30,"12:15:00.000",29,21.1,7.1,170335,"MUGIL CEPHALUS","UNCLASSFD",25,NA,10.2,19
"619",133,"Trawl",2004,12,27,"14:31:00.000",9,10.6,9.3,170335,"MUGIL CEPHALUS","UNCLASSFD",116,NA,104.6,2
"620",133,"Trawl",2004,12,27,"14:31:00.000",9,10.6,9.3,170335,"MUGIL CEPHALUS","UNCLASSFD",152,NA,104.6,2
"621",703,"Trawl",2006,2,14,"13:09:00.000",2,11,7.6,170335,"MUGIL CEPHALUS","UNCLASSFD",25,NA,0.2,1
"622",123,"Trawl",2007,1,31,"12:45:00.000",35,12.6,10,170335,"MUGIL CEPHALUS","UNCLASSFD",265,NA,264.9,1
"623",24,"Trawl",2008,1,4,"13:16:00.000",23,7.3,9.6,170335,"MUGIL CEPHALUS","UNCLASSFD",23,NA,5.1,23
"624",24,"Trawl",2008,1,4,"13:16:00.000",23,7.3,9.6,170335,"MUGIL CEPHALUS","UNCLASSFD",25,NA,5.1,23
"625",24,"Trawl",2008,1,4,"13:16:00.000",23,7.3,9.6,170335,"MUGIL CEPHALUS","UNCLASSFD",26,NA,5.1,23
"626",24,"Trawl",2008,1,4,"13:16:00.000",23,7.3,9.6,170335,"MUGIL CEPHALUS","UNCLASSFD",24,NA,5.1,23
"627",24,"Trawl",2008,1,4,"13:16:00.000",23,7.3,9.6,170335,"MUGIL CEPHALUS","UNCLASSFD",23,NA,5.1,23
"628",24,"Trawl",2008,1,4,"13:16:00.000",23,7.3,9.6,170335,"MUGIL CEPHALUS","UNCLASSFD",22,NA,5.1,23
"629",24,"Trawl",2008,1,4,"13:16:00.000",23,7.3,9.6,170335,"MUGIL CEPHALUS","UNCLASSFD",24,NA,5.1,23
"630",24,"Trawl",2008,1,4,"13:16:00.000",23,7.3,9.6,170335,"MUGIL CEPHALUS","UNCLASSFD",23,NA,5.1,23
"631",24,"Trawl",2008,1,4,"13:16:00.000",23,7.3,9.6,170335,"MUGIL CEPHALUS","UNCLASSFD",24,NA,5.1,23
"632",24,"Trawl",2008,1,4,"13:16:00.000",23,7.3,9.6,170335,"MUGIL CEPHALUS","UNCLASSFD",27,NA,5.1,23
"633",24,"Trawl",2008,1,4,"13:16:00.000",23,7.3,9.6,170335,"MUGIL CEPHALUS","UNCLASSFD",25,NA,5.1,23
"634",24,"Trawl",2008,1,4,"13:16:00.000",23,7.3,9.6,170335,"MUGIL CEPHALUS","UNCLASSFD",21,NA,5.1,23
"635",24,"Trawl",2008,1,4,"13:16:00.000",23,7.3,9.6,170335,"MUGIL CEPHALUS","UNCLASSFD",25,NA,5.1,23
"636",24,"Trawl",2008,1,4,"13:16:00.000",23,7.3,9.6,170335,"MUGIL CEPHALUS","UNCLASSFD",24,NA,5.1,23
"637",24,"Trawl",2008,1,4,"13:16:00.000",23,7.3,9.6,170335,"MUGIL CEPHALUS","UNCLASSFD",24,NA,5.1,23
"638",24,"Trawl",2008,1,4,"13:16:00.000",23,7.3,9.6,170335,"MUGIL CEPHALUS","UNCLASSFD",23,NA,5.1,23
"639",24,"Trawl",2008,1,4,"13:16:00.000",23,7.3,9.6,170335,"MUGIL CEPHALUS","UNCLASSFD",26,NA,5.1,23
"640",24,"Trawl",2008,1,4,"13:16:00.000",23,7.3,9.6,170335,"MUGIL CEPHALUS","UNCLASSFD",25,NA,5.1,23
"641",24,"Trawl",2008,1,4,"13:16:00.000",23,7.3,9.6,170335,"MUGIL CEPHALUS","UNCLASSFD",24,NA,5.1,23
"642",24,"Trawl",2008,1,4,"13:16:00.000",23,7.3,9.6,170335,"MUGIL CEPHALUS","UNCLASSFD",23,NA,5.1,23
"643",24,"Trawl",2008,1,4,"13:16:00.000",23,7.3,9.6,170335,"MUGIL CEPHALUS","UNCLASSFD",23,NA,5.1,23
"644",24,"Trawl",2008,1,4,"13:16:00.000",23,7.3,9.6,170335,"MUGIL CEPHALUS","UNCLASSFD",25,NA,5.1,23
"645",24,"Trawl",2008,1,4,"13:16:00.000",23,7.3,9.6,170335,"MUGIL CEPHALUS","UNCLASSFD",25,NA,5.1,23
"646",123,"Trawl",2008,2,14,"10:30:00.000",36,16.3,5.8,170335,"MUGIL CEPHALUS","UNCLASSFD",239,NA,232.7,1
"647",60,"Trawl",2008,10,28,"12:06:00.000",27,17,5.3,170335,"MUGIL CEPHALUS","UNCLASSFD",355,NA,NA,1
"648",97,"Trawl",2008,11,20,"12:30:00.000",20,15.9,5.6,170335,"MUGIL CEPHALUS","UNCLASSFD",74,NA,49.9,2
"649",97,"Trawl",2008,11,20,"12:30:00.000",20,15.9,5.6,170335,"MUGIL CEPHALUS","UNCLASSFD",126,NA,49.9,2
"650",133,"Trawl",2009,2,6,"12:05:00.000",13,12.5,7.3,170335,"MUGIL CEPHALUS","UNCLASSFD",234,NA,190.6,1
"651",27,"Trawl",2009,12,22,"8:51:00.000",7,12.8,9.9,170335,"MUGIL CEPHALUS","UNCLASSFD",125,NA,38.9,1
"652",94,"Trawl",2009,12,29,"12:24:00.000",13,13.7,6.8,170335,"MUGIL CEPHALUS","UNCLASSFD",89,NA,14.4,1
"653",9,"Trawl",2010,2,18,"11:49:00.000",3,8.3,12.3,170335,"MUGIL CEPHALUS","UNCLASSFD",110,NA,22.8,1
"654",133,"Trawl",2010,2,19,"13:07:00.000",2,9.5,10.3,170335,"MUGIL CEPHALUS","UNCLASSFD",241,NA,830.4,7
"655",133,"Trawl",2010,2,19,"13:07:00.000",2,9.5,10.3,170335,"MUGIL CEPHALUS","UNCLASSFD",220,NA,830.4,7
"656",133,"Trawl",2010,2,19,"13:07:00.000",2,9.5,10.3,170335,"MUGIL CEPHALUS","UNCLASSFD",180,NA,830.4,7
"657",133,"Trawl",2010,2,19,"13:07:00.000",2,9.5,10.3,170335,"MUGIL CEPHALUS","UNCLASSFD",131,NA,830.4,7
"658",133,"Trawl",2010,2,19,"13:07:00.000",2,9.5,10.3,170335,"MUGIL CEPHALUS","UNCLASSFD",125,NA,830.4,7
"659",133,"Trawl",2010,2,19,"13:07:00.000",2,9.5,10.3,170335,"MUGIL CEPHALUS","UNCLASSFD",187,NA,830.4,7
"660",133,"Trawl",2010,2,19,"13:07:00.000",2,9.5,10.3,170335,"MUGIL CEPHALUS","UNCLASSFD",143,NA,830.4,7
"661",60,"Trawl",2010,4,19,"10:14:00.000",29,22.9,4.1,170335,"MUGIL CEPHALUS","UNCLASSFD",305,NA,400,1
"662",59,"Trawl",2010,12,21,"9:15:00.000",30,13.7,9.2,170335,"MUGIL CEPHALUS","UNCLASSFD",113,31.4,31.4,1
"663",27,"Trawl",2011,1,24,"13:06:00.000",21,11.7,10.3,170335,"MUGIL CEPHALUS","UNCLASSFD",26,0.4,2.1,7
"664",27,"Trawl",2011,1,24,"13:06:00.000",21,11.7,10.3,170335,"MUGIL CEPHALUS","UNCLASSFD",25,0.3,2.1,7
"665",27,"Trawl",2011,1,24,"13:06:00.000",21,11.7,10.3,170335,"MUGIL CEPHALUS","UNCLASSFD",25,0.3,2.1,7
"666",27,"Trawl",2011,1,24,"13:06:00.000",21,11.7,10.3,170335,"MUGIL CEPHALUS","UNCLASSFD",22,0.2,2.1,7
"667",27,"Trawl",2011,1,24,"13:06:00.000",21,11.7,10.3,170335,"MUGIL CEPHALUS","UNCLASSFD",24,0.3,2.1,7
"668",27,"Trawl",2011,1,24,"13:06:00.000",21,11.7,10.3,170335,"MUGIL CEPHALUS","UNCLASSFD",24,0.3,2.1,7
"669",27,"Trawl",2011,1,24,"13:06:00.000",21,11.7,10.3,170335,"MUGIL CEPHALUS","UNCLASSFD",24,0.3,2.1,7
"670",28,"Trawl",2011,1,24,"14:01:00.000",20,12,10.7,170335,"MUGIL CEPHALUS","UNCLASSFD",23,0.2,3.9,18
"671",28,"Trawl",2011,1,24,"14:01:00.000",20,12,10.7,170335,"MUGIL CEPHALUS","UNCLASSFD",24,0.2,3.9,18
"672",28,"Trawl",2011,1,24,"14:01:00.000",20,12,10.7,170335,"MUGIL CEPHALUS","UNCLASSFD",25,0.2,3.9,18
"673",28,"Trawl",2011,1,24,"14:01:00.000",20,12,10.7,170335,"MUGIL CEPHALUS","UNCLASSFD",25,0.2,3.9,18
"674",28,"Trawl",2011,1,24,"14:01:00.000",20,12,10.7,170335,"MUGIL CEPHALUS","UNCLASSFD",25,0.2,3.9,18
"675",28,"Trawl",2011,1,24,"14:01:00.000",20,12,10.7,170335,"MUGIL CEPHALUS","UNCLASSFD",22,0.2,3.9,18
"676",28,"Trawl",2011,1,24,"14:01:00.000",20,12,10.7,170335,"MUGIL CEPHALUS","UNCLASSFD",23,0.2,3.9,18
"677",28,"Trawl",2011,1,24,"14:01:00.000",20,12,10.7,170335,"MUGIL CEPHALUS","UNCLASSFD",19,0.1,3.9,18
"678",28,"Trawl",2011,1,24,"14:01:00.000",20,12,10.7,170335,"MUGIL CEPHALUS","UNCLASSFD",24,0.2,3.9,18
"679",28,"Trawl",2011,1,24,"14:01:00.000",20,12,10.7,170335,"MUGIL CEPHALUS","UNCLASSFD",23,0.2,3.9,18
"680",28,"Trawl",2011,1,24,"14:01:00.000",20,12,10.7,170335,"MUGIL CEPHALUS","UNCLASSFD",26,0.3,3.9,18
"681",28,"Trawl",2011,1,24,"14:01:00.000",20,12,10.7,170335,"MUGIL CEPHALUS","UNCLASSFD",24,0.2,3.9,18
"682",28,"Trawl",2011,1,24,"14:01:00.000",20,12,10.7,170335,"MUGIL CEPHALUS","UNCLASSFD",24,0.2,3.9,18
"683",28,"Trawl",2011,1,24,"14:01:00.000",20,12,10.7,170335,"MUGIL CEPHALUS","UNCLASSFD",25,0.3,3.9,18
"684",28,"Trawl",2011,1,24,"14:01:00.000",20,12,10.7,170335,"MUGIL CEPHALUS","UNCLASSFD",23,0.2,3.9,18
"685",28,"Trawl",2011,1,24,"14:01:00.000",20,12,10.7,170335,"MUGIL CEPHALUS","UNCLASSFD",24,0.3,3.9,18
"686",28,"Trawl",2011,1,24,"14:01:00.000",20,12,10.7,170335,"MUGIL CEPHALUS","UNCLASSFD",25,0.3,3.9,18
"687",28,"Trawl",2011,1,24,"14:01:00.000",20,12,10.7,170335,"MUGIL CEPHALUS","UNCLASSFD",25,0.2,3.9,18
"688",59,"Trawl",2011,1,27,"11:50:00.000",28,13.4,8.4,170335,"MUGIL CEPHALUS","UNCLASSFD",24,0.2,0.6,3
"689",59,"Trawl",2011,1,27,"11:50:00.000",28,13.4,8.4,170335,"MUGIL CEPHALUS","UNCLASSFD",25,0.2,0.6,3
"690",59,"Trawl",2011,1,27,"11:50:00.000",28,13.4,8.4,170335,"MUGIL CEPHALUS","UNCLASSFD",24,0.2,0.6,3
"691",123,"Trawl",2011,2,15,"12:15:00.000",33,13.8,8.7,170335,"MUGIL CEPHALUS","UNCLASSFD",25,0.2,0.7,3
"692",123,"Trawl",2011,2,15,"12:15:00.000",33,13.8,8.7,170335,"MUGIL CEPHALUS","UNCLASSFD",25,0.2,0.7,3
"693",123,"Trawl",2011,2,15,"12:15:00.000",33,13.8,8.7,170335,"MUGIL CEPHALUS","UNCLASSFD",27,0.3,0.7,3
"694",31,"Trawl",2011,3,24,"12:25:00.000",19,22.2,10.3,170335,"MUGIL CEPHALUS","UNCLASSFD",32,0.8,0.8,1
"695",60,"Trawl",2011,3,25,"10:31:00.000",28,21.5,8.5,170335,"MUGIL CEPHALUS","UNCLASSFD",28,0.4,0.9,2
"696",60,"Trawl",2011,3,25,"10:31:00.000",28,21.5,8.5,170335,"MUGIL CEPHALUS","UNCLASSFD",28,0.5,0.9,2
"697",123,"Trawl",2011,3,25,"10:01:00.000",28,21.2,8.4,170335,"MUGIL CEPHALUS","UNCLASSFD",29,0.5,18.1,43
"698",123,"Trawl",2011,3,25,"10:01:00.000",28,21.2,8.4,170335,"MUGIL CEPHALUS","UNCLASSFD",28,0.4,18.1,43
"699",123,"Trawl",2011,3,25,"10:01:00.000",28,21.2,8.4,170335,"MUGIL CEPHALUS","UNCLASSFD",29,0.5,18.1,43
"700",123,"Trawl",2011,3,25,"10:01:00.000",28,21.2,8.4,170335,"MUGIL CEPHALUS","UNCLASSFD",29,0.5,18.1,43
"701",123,"Trawl",2011,3,25,"10:01:00.000",28,21.2,8.4,170335,"MUGIL CEPHALUS","UNCLASSFD",25,0.2,18.1,43
"702",123,"Trawl",2011,3,25,"10:01:00.000",28,21.2,8.4,170335,"MUGIL CEPHALUS","UNCLASSFD",27,0.5,18.1,43
"703",123,"Trawl",2011,3,25,"10:01:00.000",28,21.2,8.4,170335,"MUGIL CEPHALUS","UNCLASSFD",26,0.5,18.1,43
"704",123,"Trawl",2011,3,25,"10:01:00.000",28,21.2,8.4,170335,"MUGIL CEPHALUS","UNCLASSFD",27,0.3,18.1,43
"705",123,"Trawl",2011,3,25,"10:01:00.000",28,21.2,8.4,170335,"MUGIL CEPHALUS","UNCLASSFD",27,0.4,18.1,43
"706",123,"Trawl",2011,3,25,"10:01:00.000",28,21.2,8.4,170335,"MUGIL CEPHALUS","UNCLASSFD",27,0.5,18.1,43
"707",123,"Trawl",2011,3,25,"10:01:00.000",28,21.2,8.4,170335,"MUGIL CEPHALUS","UNCLASSFD",27,0.4,18.1,43
"708",123,"Trawl",2011,3,25,"10:01:00.000",28,21.2,8.4,170335,"MUGIL CEPHALUS","UNCLASSFD",28,0.5,18.1,43
"709",123,"Trawl",2011,3,25,"10:01:00.000",28,21.2,8.4,170335,"MUGIL CEPHALUS","UNCLASSFD",27,0.4,18.1,43
"710",123,"Trawl",2011,3,25,"10:01:00.000",28,21.2,8.4,170335,"MUGIL CEPHALUS","UNCLASSFD",28,0.5,18.1,43
"711",123,"Trawl",2011,3,25,"10:01:00.000",28,21.2,8.4,170335,"MUGIL CEPHALUS","UNCLASSFD",28,0.5,18.1,43
"712",123,"Trawl",2011,3,25,"10:01:00.000",28,21.2,8.4,170335,"MUGIL CEPHALUS","UNCLASSFD",27,0.4,18.1,43
"713",123,"Trawl",2011,3,25,"10:01:00.000",28,21.2,8.4,170335,"MUGIL CEPHALUS","UNCLASSFD",36,0.3,18.1,43
"714",123,"Trawl",2011,3,25,"10:01:00.000",28,21.2,8.4,170335,"MUGIL CEPHALUS","UNCLASSFD",28,0.5,18.1,43
"715",123,"Trawl",2011,3,25,"10:01:00.000",28,21.2,8.4,170335,"MUGIL CEPHALUS","UNCLASSFD",28,0.4,18.1,43
"716",123,"Trawl",2011,3,25,"10:01:00.000",28,21.2,8.4,170335,"MUGIL CEPHALUS","UNCLASSFD",29,0.5,18.1,43
"717",12,"Trawl",2011,4,29,"9:45:00.000",3,23.5,7.6,170335,"MUGIL CEPHALUS","UNCLASSFD",162,61.2,61.2,1
"718",27,"Trawl",2011,4,20,"12:55:00.000",4,24.6,6.66,170335,"MUGIL CEPHALUS","UNCLASSFD",132,33,33,1
"719",27,"Trawl",2011,8,17,"13:27:00.000",14,31.6,6.95,170335,"MUGIL CEPHALUS","UNCLASSFD",99,24.1,24.1,1
"720",12,"Trawl",2011,11,30,"9:36:00.000",22,13.3,7.9,170335,"MUGIL CEPHALUS","UNCLASSFD",98,16.6,16.6,1
"721",133,"Trawl",2012,1,19,"13:17:00.000",10,14.2,8.8,170335,"MUGIL CEPHALUS","UNCLASSFD",126,40.3,40.3,1
"722",60,"Trawl",2013,1,22,"11:05:00.000",32,13.1,7.2,170335,"MUGIL CEPHALUS","UNCLASSFD",230,199.5,199.5,1
"723",59,"Trawl",2013,2,6,"10:08:00.000",32,16.4,6.91,170335,"MUGIL CEPHALUS","UNCLASSFD",245,206.3,206.3,1
"724",61,"Trawl",2014,1,9,"12:34:00.000",24,7.4,9.32,170335,"MUGIL CEPHALUS","UNCLASSFD",23,0.2,0.5,3
"725",61,"Trawl",2014,1,9,"12:34:00.000",24,7.4,9.32,170335,"MUGIL CEPHALUS","UNCLASSFD",22,0.1,0.5,3
"726",61,"Trawl",2014,1,9,"12:34:00.000",24,7.4,9.32,170335,"MUGIL CEPHALUS","UNCLASSFD",24,0.2,0.5,3
"727",59,"Trawl",2014,4,1,"13:55:00.000",27,20.1,11.95,170335,"MUGIL CEPHALUS","UNCLASSFD",24,0.3,5.2,14
"728",59,"Trawl",2014,4,1,"13:55:00.000",27,20.1,11.95,170335,"MUGIL CEPHALUS","UNCLASSFD",28,0.5,5.2,14
"729",59,"Trawl",2014,4,1,"13:55:00.000",27,20.1,11.95,170335,"MUGIL CEPHALUS","UNCLASSFD",27,0.4,5.2,14
"730",59,"Trawl",2014,4,1,"13:55:00.000",27,20.1,11.95,170335,"MUGIL CEPHALUS","UNCLASSFD",28,0.4,5.2,14
"731",59,"Trawl",2014,4,1,"13:55:00.000",27,20.1,11.95,170335,"MUGIL CEPHALUS","UNCLASSFD",28,0.4,5.2,14
"732",59,"Trawl",2014,4,1,"13:55:00.000",27,20.1,11.95,170335,"MUGIL CEPHALUS","UNCLASSFD",29,0.4,5.2,14
"733",59,"Trawl",2014,4,1,"13:55:00.000",27,20.1,11.95,170335,"MUGIL CEPHALUS","UNCLASSFD",25,0.2,5.2,14
"734",59,"Trawl",2014,4,1,"13:55:00.000",27,20.1,11.95,170335,"MUGIL CEPHALUS","UNCLASSFD",25,0.3,5.2,14
"735",59,"Trawl",2014,4,1,"13:55:00.000",27,20.1,11.95,170335,"MUGIL CEPHALUS","UNCLASSFD",28,0.3,5.2,14
"736",59,"Trawl",2014,4,1,"13:55:00.000",27,20.1,11.95,170335,"MUGIL CEPHALUS","UNCLASSFD",27,0.4,5.2,14
"737",59,"Trawl",2014,4,1,"13:55:00.000",27,20.1,11.95,170335,"MUGIL CEPHALUS","UNCLASSFD",27,0.4,5.2,14
"738",59,"Trawl",2014,4,1,"13:55:00.000",27,20.1,11.95,170335,"MUGIL CEPHALUS","UNCLASSFD",28,0.4,5.2,14
"739",59,"Trawl",2014,4,1,"13:55:00.000",27,20.1,11.95,170335,"MUGIL CEPHALUS","UNCLASSFD",26,0.4,5.2,14
"740",59,"Trawl",2014,4,1,"13:55:00.000",27,20.1,11.95,170335,"MUGIL CEPHALUS","UNCLASSFD",29,0.4,5.2,14
"741",94,"Trawl",2014,5,8,"9:47:00.000",0,24.7,8.36,170335,"MUGIL CEPHALUS","UNCLASSFD",43,2.1,7.9,5
"742",94,"Trawl",2014,5,8,"9:47:00.000",0,24.7,8.36,170335,"MUGIL CEPHALUS","UNCLASSFD",42,1.8,7.9,5
"743",94,"Trawl",2014,5,8,"9:47:00.000",0,24.7,8.36,170335,"MUGIL CEPHALUS","UNCLASSFD",41,1.6,7.9,5
"744",94,"Trawl",2014,5,8,"9:47:00.000",0,24.7,8.36,170335,"MUGIL CEPHALUS","UNCLASSFD",35,0.9,7.9,5
"745",94,"Trawl",2014,5,8,"9:47:00.000",0,24.7,8.36,170335,"MUGIL CEPHALUS","UNCLASSFD",42,1.5,7.9,5
"746",27,"Trawl",2014,7,1,"13:48:00.000",4,30.4,2.9,170335,"MUGIL CEPHALUS","UNCLASSFD",89,17.3,17.3,1
"747",18,"Trawl",2015,5,11,"10:22:00.000",28,25.9,7.05,170335,"MUGIL CEPHALUS","UNCLASSFD",36,1.2,2.2,22
"748",18,"Trawl",2015,5,11,"10:22:00.000",28,25.9,7.05,170335,"MUGIL CEPHALUS","UNCLASSFD",40,1.1,2.2,22
"749",18,"Trawl",2015,5,11,"10:22:00.000",28,25.9,7.05,170335,"MUGIL CEPHALUS","UNCLASSFD",39,1.4,2.2,22
"750",18,"Trawl",2015,5,11,"10:22:00.000",28,25.9,7.05,170335,"MUGIL CEPHALUS","UNCLASSFD",46,2,2.2,22
"751",18,"Trawl",2015,5,11,"10:22:00.000",28,25.9,7.05,170335,"MUGIL CEPHALUS","UNCLASSFD",39,1.2,2.2,22
"752",18,"Trawl",2015,5,11,"10:22:00.000",28,25.9,7.05,170335,"MUGIL CEPHALUS","UNCLASSFD",39,1.3,2.2,22
"753",18,"Trawl",2015,5,11,"10:22:00.000",28,25.9,7.05,170335,"MUGIL CEPHALUS","UNCLASSFD",40,1.5,2.2,22
"754",18,"Trawl",2015,5,11,"10:22:00.000",28,25.9,7.05,170335,"MUGIL CEPHALUS","UNCLASSFD",34,1,2.2,22
"755",18,"Trawl",2015,5,11,"10:22:00.000",28,25.9,7.05,170335,"MUGIL CEPHALUS","UNCLASSFD",42,1.6,2.2,22
"756",18,"Trawl",2015,5,11,"10:22:00.000",28,25.9,7.05,170335,"MUGIL CEPHALUS","UNCLASSFD",42,1.5,2.2,22
"757",18,"Trawl",2015,5,11,"10:22:00.000",28,25.9,7.05,170335,"MUGIL CEPHALUS","UNCLASSFD",38,1,2.2,22
"758",18,"Trawl",2015,5,11,"10:22:00.000",28,25.9,7.05,170335,"MUGIL CEPHALUS","UNCLASSFD",35,1,2.2,22
"759",18,"Trawl",2015,5,11,"10:22:00.000",28,25.9,7.05,170335,"MUGIL CEPHALUS","UNCLASSFD",44,2,2.2,22
"760",18,"Trawl",2015,5,11,"10:22:00.000",28,25.9,7.05,170335,"MUGIL CEPHALUS","UNCLASSFD",33,0.8,2.2,22
"761",18,"Trawl",2015,5,11,"10:22:00.000",28,25.9,7.05,170335,"MUGIL CEPHALUS","UNCLASSFD",32,1,2.2,22
"762",18,"Trawl",2015,5,11,"10:22:00.000",28,25.9,7.05,170335,"MUGIL CEPHALUS","UNCLASSFD",39,1.5,2.2,22
"763",18,"Trawl",2015,5,11,"10:22:00.000",28,25.9,7.05,170335,"MUGIL CEPHALUS","UNCLASSFD",40,1.3,2.2,22
"764",18,"Trawl",2015,5,11,"10:22:00.000",28,25.9,7.05,170335,"MUGIL CEPHALUS","UNCLASSFD",42,1.7,2.2,22
"765",18,"Trawl",2015,5,11,"10:22:00.000",28,25.9,7.05,170335,"MUGIL CEPHALUS","UNCLASSFD",38,1.3,2.2,22
"766",18,"Trawl",2015,5,11,"10:22:00.000",28,25.9,7.05,170335,"MUGIL CEPHALUS","UNCLASSFD",43,1.7,2.2,22
"767",24,"Trawl",2016,1,13,"12:20:00.000",3,12.5,8,170335,"MUGIL CEPHALUS","UNCLASSFD",105,19.4,19.4,1
"768",133,"Trawl",2016,1,12,"11:55:00.000",4,12.6,7.56,170335,"MUGIL CEPHALUS","UNCLASSFD",101,19.8,19.8,1
"769",133,"Trawl",2017,1,11,"11:28:00.000",8,13.6,8.03,170335,"MUGIL CEPHALUS","UNCLASSFD",140,52.7,114.5,2
"770",133,"Trawl",2017,1,11,"11:28:00.000",8,13.6,8.03,170335,"MUGIL CEPHALUS","UNCLASSFD",151,61.8,114.5,2
"771",31,"Trawl",2018,3,8,"10:52:00.000",15,18.2,8.43,170335,"MUGIL CEPHALUS","UNCLASSFD",34,0.8,0.8,1
"772",27,"Trawl",2018,6,6,"13:16:00.000",11,28.3,5.16,170335,"MUGIL CEPHALUS","UNCLASSFD",72,8.9,39.4,4
"773",27,"Trawl",2018,6,6,"13:16:00.000",11,28.3,5.16,170335,"MUGIL CEPHALUS","UNCLASSFD",73,8.3,39.4,4
"774",27,"Trawl",2018,6,6,"13:16:00.000",11,28.3,5.16,170335,"MUGIL CEPHALUS","UNCLASSFD",90,16.8,39.4,4
"775",27,"Trawl",2018,6,6,"13:16:00.000",11,28.3,5.16,170335,"MUGIL CEPHALUS","UNCLASSFD",63,5.4,39.4,4
